name,hubble_type,type_group,B_T,bt_law_ape,per_galaxy_ape,delta_ape,bt_law_params,per_galaxy_params
F574-2,Sm,late,0.03,125.3547134399414,33.90946578979492,91.44524765014648,"{'eta': 0.9134488203826004, 'ring_amp': 2.6985233089420975, 'M_max': 2.8552412151741056, 'lambda_ring': 23.69746861136605, 'q': 3.5, 'R1': 70.0, 'R0': 5.0, 'p': 2.0, 'k_an': 1.4}","{'eta': 0.010000007380740151, 'ring_amp': 1.6391024139479852e-06, 'M_max': 3.5192905259016563, 'bulge_gate_power': 34.832217597346734, 'lambda_hat': 5.069899220433766}"
UGC02455,Im,late,0.0,183.6284637451172,108.11811065673828,75.5103530883789,"{'eta': 1.0305084805586533, 'ring_amp': 3.0, 'M_max': 3.06971044661947, 'lambda_ring': 25.0, 'q': 3.5, 'R1': 70.0, 'R0': 5.0, 'p': 2.0, 'k_an': 1.4}","{'eta': 0.010000000130327374, 'ring_amp': 1.9360706224021596e-05, 'M_max': 4.932058042989634, 'bulge_gate_power': 21.664525827526067, 'lambda_hat': 5.093306705052831}"
UGC11455,Scd,late,0.08,95.33802795410156,22.455150604248047,72.88287734985352,"{'eta': 0.7410850910925162, 'ring_amp': 2.254615931399539, 'M_max': 2.5394474011966444, 'lambda_ring': 21.697549924966125, 'q': 3.5, 'R1': 70.0, 'R0': 5.0, 'p': 2.0, 'k_an': 1.4}","{'eta': 0.010000000008187902, 'ring_amp': 5.512332587494796e-08, 'M_max': 0.5854694382291089, 'bulge_gate_power': 52.96819302302129, 'lambda_hat': 20.19613879979304}"
UGC09037,Scd,late,0.08,91.82015991210938,19.589460372924805,72.23069953918457,"{'eta': 0.7410850910925162, 'ring_amp': 2.254615931399539, 'M_max': 2.5394474011966444, 'lambda_ring': 21.697549924966125, 'q': 3.5, 'R1': 70.0, 'R0': 5.0, 'p': 2.0, 'k_an': 1.4}","{'eta': 0.018995783282127247, 'ring_amp': 4.0852779202631774e-10, 'M_max': 0.5000014940952456, 'bulge_gate_power': 41.01536098309466, 'lambda_hat': 27.96080649783368}"
UGC06628,Sm,late,0.03,86.87468719482422,16.663469314575195,70.21121788024902,"{'eta': 0.9134488203826004, 'ring_amp': 2.6985233089420975, 'M_max': 2.8552412151741056, 'lambda_ring': 23.69746861136605, 'q': 3.5, 'R1': 70.0, 'R0': 5.0, 'p': 2.0, 'k_an': 1.4}","{'eta': 0.01000000000028691, 'ring_amp': 7.73630681400365e-07, 'M_max': 1.0138968130010644, 'bulge_gate_power': 17.933818910240067, 'lambda_hat': 14.211366357990753}"
F561-1,Sm,late,0.03,78.58296966552734,10.2810697555542,68.30189990997314,"{'eta': 0.9134488203826004, 'ring_amp': 2.6985233089420975, 'M_max': 2.8552412151741056, 'lambda_ring': 23.69746861136605, 'q': 3.5, 'R1': 70.0, 'R0': 5.0, 'p': 2.0, 'k_an': 1.4}","{'eta': 0.010000000746749485, 'ring_amp': 1.659788259487276, 'M_max': 0.6115445819551328, 'bulge_gate_power': 41.45006164048185, 'lambda_hat': 5.000000066909801}"
F563-V1,Im,late,0.0,73.098388671875,5.885758876800537,67.21262979507446,"{'eta': 1.0305084805586533, 'ring_amp': 3.0, 'M_max': 3.06971044661947, 'lambda_ring': 25.0, 'q': 3.5, 'R1': 70.0, 'R0': 5.0, 'p': 2.0, 'k_an': 1.4}","{'eta': 0.01000000105997286, 'ring_amp': 6.317060170585312, 'M_max': 0.8266408159929945, 'bulge_gate_power': 6.266126604158553, 'lambda_hat': 5.000001811810064}"
NGC6946,Scd,late,0.08,74.23381042480469,12.640979766845703,61.592830657958984,"{'eta': 0.7410850910925162, 'ring_amp': 2.254615931399539, 'M_max': 2.5394474011966444, 'lambda_ring': 21.697549924966125, 'q': 3.5, 'R1': 70.0, 'R0': 5.0, 'p': 2.0, 'k_an': 1.4}","{'eta': 0.021050604810394273, 'ring_amp': 1.3314375404832767e-10, 'M_max': 2.9695061264791507, 'bulge_gate_power': 30.612156405068028, 'lambda_hat': 10.72992896880484}"
UGC11557,Sdm,late,0.08,136.66795349121094,80.70360565185547,55.96434783935547,"{'eta': 0.7410850910925162, 'ring_amp': 2.254615931399539, 'M_max': 2.5394474011966444, 'lambda_ring': 21.697549924966125, 'q': 3.5, 'R1': 70.0, 'R0': 5.0, 'p': 2.0, 'k_an': 1.4}","{'eta': 0.010000012513043574, 'ring_amp': 2.5156399715434042e-05, 'M_max': 4.04873252752718, 'bulge_gate_power': 37.15992423575216, 'lambda_hat': 5.1693972496372504}"
UGC04305,Im,late,0.0,69.9684829711914,19.148845672607422,50.819637298583984,"{'eta': 1.0305084805586533, 'ring_amp': 3.0, 'M_max': 3.06971044661947, 'lambda_ring': 25.0, 'q': 3.5, 'R1': 70.0, 'R0': 5.0, 'p': 2.0, 'k_an': 1.4}","{'eta': 0.010000007126401447, 'ring_amp': 1.73071257277885e-06, 'M_max': 3.004641773757375, 'bulge_gate_power': 30.612783843749337, 'lambda_hat': 15.762632379669899}"
NGC3726,Sc,intermediate,0.15,65.71292877197266,17.335527420043945,48.37740135192871,"{'eta': 0.5427118050296204, 'ring_amp': 1.743723265330114, 'M_max': 2.1760005388256545, 'lambda_ring': 19.238379173361025, 'q': 3.5, 'R1': 70.0, 'R0': 5.0, 'p': 2.0, 'k_an': 1.4}","{'eta': 0.029402070365420613, 'ring_amp': 9.609121876916406e-09, 'M_max': 1.2501683608285115, 'bulge_gate_power': 1.9988278155354162, 'lambda_hat': 22.566783862212535}"
NGC3877,Sc,intermediate,0.15,74.98278045654297,27.282901763916016,47.69987869262695,"{'eta': 0.5427118050296204, 'ring_amp': 1.743723265330114, 'M_max': 2.1760005388256545, 'lambda_ring': 19.238379173361025, 'q': 3.5, 'R1': 70.0, 'R0': 5.0, 'p': 2.0, 'k_an': 1.4}","{'eta': 0.010000021826938071, 'ring_amp': 5.2392629919214636e-08, 'M_max': 1.6725166869772525, 'bulge_gate_power': 39.695677308334815, 'lambda_hat': 22.739024526590008}"
NGC4088,Sbc,intermediate,0.3,76.49697875976562,30.729745864868164,45.76723289489746,"{'eta': 0.2550240861821326, 'ring_amp': 1.0028092612599098, 'M_max': 1.6489174782333347, 'lambda_ring': 15.17754364143991, 'q': 3.5, 'R1': 70.0, 'R0': 5.0, 'p': 2.0, 'k_an': 1.4}","{'eta': 0.01000000000056545, 'ring_amp': 1.5359575820116367e-07, 'M_max': 0.5113854926651945, 'bulge_gate_power': 36.516870642837354, 'lambda_hat': 14.290396223416439}"
NGC0801,Sc,intermediate,0.15,63.49913787841797,19.464622497558594,44.034515380859375,"{'eta': 0.5427118050296204, 'ring_amp': 1.743723265330114, 'M_max': 2.1760005388256545, 'lambda_ring': 19.238379173361025, 'q': 3.5, 'R1': 70.0, 'R0': 5.0, 'p': 2.0, 'k_an': 1.4}","{'eta': 0.010000000272472831, 'ring_amp': 1.1618818792007164e-08, 'M_max': 0.5000000650376776, 'bulge_gate_power': 33.0922967608887, 'lambda_hat': 10.380359920262004}"
NGC4559,Scd,late,0.08,51.30799865722656,7.6715569496154785,43.636441707611084,"{'eta': 0.7410850910925162, 'ring_amp': 2.254615931399539, 'M_max': 2.5394474011966444, 'lambda_ring': 21.697549924966125, 'q': 3.5, 'R1': 70.0, 'R0': 5.0, 'p': 2.0, 'k_an': 1.4}","{'eta': 0.08784836634383036, 'ring_amp': 5.997864870894413e-07, 'M_max': 1.019381643728207, 'bulge_gate_power': 47.91892343954896, 'lambda_hat': 26.111483946311605}"
NGC5371,Sbc,intermediate,0.3,65.09095001220703,22.52911376953125,42.56183624267578,"{'eta': 0.2550240861821326, 'ring_amp': 1.0028092612599098, 'M_max': 1.6489174782333347, 'lambda_ring': 15.17754364143991, 'q': 3.5, 'R1': 70.0, 'R0': 5.0, 'p': 2.0, 'k_an': 1.4}","{'eta': 0.010000001063955702, 'ring_amp': 9.629092397698478e-08, 'M_max': 0.5000000447727986, 'bulge_gate_power': 33.73979280917106, 'lambda_hat': 23.031679428517748}"
NGC5907,Sc,intermediate,0.15,45.2409553527832,3.5110979080200195,41.729857444763184,"{'eta': 0.5427118050296204, 'ring_amp': 1.743723265330114, 'M_max': 2.1760005388256545, 'lambda_ring': 19.238379173361025, 'q': 3.5, 'R1': 70.0, 'R0': 5.0, 'p': 2.0, 'k_an': 1.4}","{'eta': 0.01599120504095921, 'ring_amp': 7.914212145915375e-06, 'M_max': 2.1335127761431214, 'bulge_gate_power': 26.356354292325694, 'lambda_hat': 5.581677163013476}"
NGC4010,Sd,late,0.06,49.90865707397461,9.499314308166504,40.409342765808105,"{'eta': 0.8067609348673486, 'ring_amp': 2.4237581964111943, 'M_max': 2.6597744866992863, 'lambda_ring': 22.472395424541375, 'q': 3.5, 'R1': 70.0, 'R0': 5.0, 'p': 2.0, 'k_an': 1.4}","{'eta': 0.18318822792201855, 'ring_amp': 5.685047832185977e-07, 'M_max': 0.5397235294729672, 'bulge_gate_power': 22.181063126478058, 'lambda_hat': 7.16263555262619}"
NGC3953,Sbc,intermediate,0.3,49.871917724609375,10.447746276855469,39.424171447753906,"{'eta': 0.2550240861821326, 'ring_amp': 1.0028092612599098, 'M_max': 1.6489174782333347, 'lambda_ring': 15.17754364143991, 'q': 3.5, 'R1': 70.0, 'R0': 5.0, 'p': 2.0, 'k_an': 1.4}","{'eta': 0.010000000197062679, 'ring_amp': 2.317329844360182e-08, 'M_max': 0.6358525688030443, 'bulge_gate_power': 32.032139916921764, 'lambda_hat': 12.110851763998232}"
NGC3893,Sc,intermediate,0.15,48.403472900390625,9.35173225402832,39.051740646362305,"{'eta': 0.5427118050296204, 'ring_amp': 1.743723265330114, 'M_max': 2.1760005388256545, 'lambda_ring': 19.238379173361025, 'q': 3.5, 'R1': 70.0, 'R0': 5.0, 'p': 2.0, 'k_an': 1.4}","{'eta': 0.06374006261016657, 'ring_amp': 3.625129615849636e-07, 'M_max': 0.7202635694333432, 'bulge_gate_power': 21.657792155797903, 'lambda_hat': 8.523690172477071}"
