name,hubble_type,type_group,param_source,ape,rms,chi2_reduced,n_points,elapsed,params_used
CamB,Im,late,class_late,72.64191912773987,5.2304257450789615,7.694255664783228,9,0.4469473361968994,"{'eta': 0.691, 'ring_amp': 2.212, 'M_max': 2.954, 'bulge_gate_power': 33.05, 'lambda_hat': 21.787}"
D512-2,Im,late,class_late,14.64500780568979,5.915046452127229,2.4225631964017293,4,0.01203012466430664,"{'eta': 0.691, 'ring_amp': 2.212, 'M_max': 2.954, 'bulge_gate_power': 33.05, 'lambda_hat': 21.787}"
D564-8,Im,late,class_late,29.897779705974216,7.646987770910544,17.18107074143443,6,0.0132598876953125,"{'eta': 0.691, 'ring_amp': 2.212, 'M_max': 2.954, 'bulge_gate_power': 33.05, 'lambda_hat': 21.787}"
D631-7,Im,late,class_late,48.24985312097232,16.790575816666877,44.48035373464884,16,0.019020557403564453,"{'eta': 0.691, 'ring_amp': 2.212, 'M_max': 2.954, 'bulge_gate_power': 33.05, 'lambda_hat': 21.787}"
DDO064,Im,late,class_late,30.40050687593536,14.948885288764036,8.668415625753,14,0.017812490463256836,"{'eta': 0.691, 'ring_amp': 2.212, 'M_max': 2.954, 'bulge_gate_power': 33.05, 'lambda_hat': 21.787}"
DDO154,Im,late,class_late,41.598041543804165,15.739231139004016,67.56092641281644,12,0.015997648239135742,"{'eta': 0.691, 'ring_amp': 2.212, 'M_max': 2.954, 'bulge_gate_power': 33.05, 'lambda_hat': 21.787}"
DDO161,Im,late,class_late,61.69740922166621,25.454928755114814,74.02061986728772,30,0.0279998779296875,"{'eta': 0.691, 'ring_amp': 2.212, 'M_max': 2.954, 'bulge_gate_power': 33.05, 'lambda_hat': 21.787}"
DDO168,Im,late,class_late,29.807513548612974,13.855954244121305,42.337712812028414,10,0.013911008834838867,"{'eta': 0.691, 'ring_amp': 2.212, 'M_max': 2.954, 'bulge_gate_power': 33.05, 'lambda_hat': 21.787}"
DDO170,Im,late,class_late,23.016217436719177,12.028091812698719,32.77840622893641,8,0.015551328659057617,"{'eta': 0.691, 'ring_amp': 2.212, 'M_max': 2.954, 'bulge_gate_power': 33.05, 'lambda_hat': 21.787}"
ESO079-G014,Sbc,intermediate,class_intermediate,49.69870725987737,64.59691943784227,693.624669805425,15,0.01833796501159668,"{'eta': 0.015, 'ring_amp': 0.0, 'M_max': 1.376, 'bulge_gate_power': 32.962, 'lambda_hat': 15.499}"
ESO116-G012,Sd,late,class_late,41.88932262787948,27.980680870742912,88.10819866740063,15,0.01777172088623047,"{'eta': 0.691, 'ring_amp': 2.212, 'M_max': 2.954, 'bulge_gate_power': 33.05, 'lambda_hat': 21.787}"
ESO444-G084,Im,late,class_late,41.65309127037015,25.992559221366978,107.63399214255294,7,0.012302160263061523,"{'eta': 0.691, 'ring_amp': 2.212, 'M_max': 2.954, 'bulge_gate_power': 33.05, 'lambda_hat': 21.787}"
ESO563-G021,Sbc,intermediate,class_intermediate,126.73145508299946,146.9886532429677,761.9374567702388,30,0.027873992919921875,"{'eta': 0.015, 'ring_amp': 0.0, 'M_max': 1.376, 'bulge_gate_power': 32.962, 'lambda_hat': 15.499}"
F561-1,Sm,late,class_late,73.0545969627786,28.95118788520315,34.30760233635624,6,0.0113983154296875,"{'eta': 0.691, 'ring_amp': 2.212, 'M_max': 2.954, 'bulge_gate_power': 33.05, 'lambda_hat': 21.787}"
F563-1,Sm,late,class_late,36.51344703607775,35.18750800273968,12.331521723155054,17,0.019440889358520508,"{'eta': 0.691, 'ring_amp': 2.212, 'M_max': 2.954, 'bulge_gate_power': 33.05, 'lambda_hat': 21.787}"
F563-V1,Im,late,class_late,58.49203940094949,13.513812629145155,8.765910325230868,6,0.012862205505371094,"{'eta': 0.691, 'ring_amp': 2.212, 'M_max': 2.954, 'bulge_gate_power': 33.05, 'lambda_hat': 21.787}"
F563-V2,Im,late,class_late,39.33948287609148,34.929403733282975,7.480275664455927,10,0.014991044998168945,"{'eta': 0.691, 'ring_amp': 2.212, 'M_max': 2.954, 'bulge_gate_power': 33.05, 'lambda_hat': 21.787}"
F565-V2,Im,late,class_late,37.44742443823683,29.23820187090646,27.97017321054625,7,0.013286590576171875,"{'eta': 0.691, 'ring_amp': 2.212, 'M_max': 2.954, 'bulge_gate_power': 33.05, 'lambda_hat': 21.787}"
F567-2,Sm,late,class_late,13.041457415548667,5.5781915834798665,0.7297413794058473,5,0.012468099594116211,"{'eta': 0.691, 'ring_amp': 2.212, 'M_max': 2.954, 'bulge_gate_power': 33.05, 'lambda_hat': 21.787}"
F568-1,Sc,intermediate,class_intermediate,62.77833416368125,70.4402161261552,44.87877055934462,12,0.01714634895324707,"{'eta': 0.015, 'ring_amp': 0.0, 'M_max': 1.376, 'bulge_gate_power': 32.962, 'lambda_hat': 15.499}"
F568-3,Sd,late,class_late,32.197227886087504,29.66074328808787,10.684298861991712,18,0.020566463470458984,"{'eta': 0.691, 'ring_amp': 2.212, 'M_max': 2.954, 'bulge_gate_power': 33.05, 'lambda_hat': 21.787}"
F568-V1,Sd,late,class_late,39.80020393298537,34.7252669794399,9.247113465558987,15,0.020477771759033203,"{'eta': 0.691, 'ring_amp': 2.212, 'M_max': 2.954, 'bulge_gate_power': 33.05, 'lambda_hat': 21.787}"
F571-8,Sc,intermediate,class_intermediate,149.32253052696376,74.64452307234976,304.8688979635601,13,0.016898393630981445,"{'eta': 0.015, 'ring_amp': 0.0, 'M_max': 1.376, 'bulge_gate_power': 32.962, 'lambda_hat': 15.499}"
F571-V1,Sd,late,class_late,26.10426624644342,16.379628322028957,5.653248237736274,7,0.01316213607788086,"{'eta': 0.691, 'ring_amp': 2.212, 'M_max': 2.954, 'bulge_gate_power': 33.05, 'lambda_hat': 21.787}"
F574-1,Sd,late,class_late,35.67507174543811,19.39789187774285,20.305747725814747,14,0.018050193786621094,"{'eta': 0.691, 'ring_amp': 2.212, 'M_max': 2.954, 'bulge_gate_power': 33.05, 'lambda_hat': 21.787}"
F574-2,Sm,late,class_late,105.20429677528213,24.368343844465457,9.366495362234124,5,0.011387825012207031,"{'eta': 0.691, 'ring_amp': 2.212, 'M_max': 2.954, 'bulge_gate_power': 33.05, 'lambda_hat': 21.787}"
F579-V1,Sc,intermediate,class_intermediate,34.21307099267066,38.01290628972063,14.148721917657493,14,0.017414093017578125,"{'eta': 0.015, 'ring_amp': 0.0, 'M_max': 1.376, 'bulge_gate_power': 32.962, 'lambda_hat': 15.499}"
F583-1,Sm,late,class_late,50.919884538015665,31.572545197655355,28.90598713626478,25,0.025996923446655273,"{'eta': 0.691, 'ring_amp': 2.212, 'M_max': 2.954, 'bulge_gate_power': 33.05, 'lambda_hat': 21.787}"
F583-4,Sc,intermediate,class_intermediate,48.27961118493008,21.282321710646496,22.148248874761563,12,0.017483949661254883,"{'eta': 0.015, 'ring_amp': 0.0, 'M_max': 1.376, 'bulge_gate_power': 32.962, 'lambda_hat': 15.499}"
IC2574,Sm,late,class_late,28.088637545811515,12.148614155087351,17.73086645918387,34,0.02927708625793457,"{'eta': 0.691, 'ring_amp': 2.212, 'M_max': 2.954, 'bulge_gate_power': 33.05, 'lambda_hat': 21.787}"
IC4202,Sbc,intermediate,class_intermediate,82.97461937467591,142.3087238111877,1376.034712618823,32,0.03145623207092285,"{'eta': 0.015, 'ring_amp': 0.0, 'M_max': 1.376, 'bulge_gate_power': 32.962, 'lambda_hat': 15.499}"
KK98-251,Im,late,class_late,26.73682515889318,10.218239051927858,27.967609639913444,15,0.016982555389404297,"{'eta': 0.691, 'ring_amp': 2.212, 'M_max': 2.954, 'bulge_gate_power': 33.05, 'lambda_hat': 21.787}"
NGC0024,Sc,intermediate,class_intermediate,35.59048606543139,40.23693153683663,100.59820895561234,29,0.030803918838500977,"{'eta': 0.015, 'ring_amp': 0.0, 'M_max': 1.376, 'bulge_gate_power': 32.962, 'lambda_hat': 15.499}"
NGC0055,Sm,late,class_late,32.12948539497406,22.868444620046297,80.00613597287978,21,0.02106952667236328,"{'eta': 0.691, 'ring_amp': 2.212, 'M_max': 2.954, 'bulge_gate_power': 33.05, 'lambda_hat': 21.787}"
NGC0100,Scd,late,class_late,55.725951895194804,23.257063833306972,32.522538410425064,21,0.022166967391967773,"{'eta': 0.691, 'ring_amp': 2.212, 'M_max': 2.954, 'bulge_gate_power': 33.05, 'lambda_hat': 21.787}"
NGC0247,Sd,late,class_late,19.79823973955621,17.639600251018347,45.768147747234416,26,0.025116443634033203,"{'eta': 0.691, 'ring_amp': 2.212, 'M_max': 2.954, 'bulge_gate_power': 33.05, 'lambda_hat': 21.787}"
NGC0289,Sbc,intermediate,class_intermediate,32.312052693683,77.24691311586648,34.81805432741789,28,0.0265200138092041,"{'eta': 0.015, 'ring_amp': 0.0, 'M_max': 1.376, 'bulge_gate_power': 32.962, 'lambda_hat': 15.499}"
NGC0300,Sd,late,class_late,19.02671922175127,16.30938174758658,29.253429384464415,25,0.02448892593383789,"{'eta': 0.691, 'ring_amp': 2.212, 'M_max': 2.954, 'bulge_gate_power': 33.05, 'lambda_hat': 21.787}"
NGC0801,Sc,intermediate,class_intermediate,73.6484450535319,238.3650377068034,1629.2248195892578,13,0.0172727108001709,"{'eta': 0.015, 'ring_amp': 0.0, 'M_max': 1.376, 'bulge_gate_power': 32.962, 'lambda_hat': 15.499}"
NGC0891,Sb,early,class_early,42.847592896333076,124.4723014128548,605.4513244485926,18,0.01908135414123535,"{'eta': 0.027, 'ring_amp': 1.508, 'M_max': 2.74, 'bulge_gate_power': 32.645, 'lambda_hat': 17.236}"
NGC1003,Scd,late,class_late,37.43014816170454,39.87365743823345,197.6002698458444,36,0.03255271911621094,"{'eta': 0.691, 'ring_amp': 2.212, 'M_max': 2.954, 'bulge_gate_power': 33.05, 'lambda_hat': 21.787}"
NGC1090,Sbc,intermediate,class_intermediate,111.19251552129772,118.67002720785186,504.97252498140506,24,0.02786087989807129,"{'eta': 0.015, 'ring_amp': 0.0, 'M_max': 1.376, 'bulge_gate_power': 32.962, 'lambda_hat': 15.499}"
NGC1705,BCD,late,class_late,31.357156869823704,24.378154780051734,30.178675490739526,14,0.01602792739868164,"{'eta': 0.691, 'ring_amp': 2.212, 'M_max': 2.954, 'bulge_gate_power': 33.05, 'lambda_hat': 21.787}"
NGC2366,Im,late,class_late,56.675866234259885,15.170896264788636,50.22642174949444,26,0.024704694747924805,"{'eta': 0.691, 'ring_amp': 2.212, 'M_max': 2.954, 'bulge_gate_power': 33.05, 'lambda_hat': 21.787}"
NGC2403,Scd,late,class_late,50.9459088225492,52.876725647423534,573.7618592502292,73,0.05020737648010254,"{'eta': 0.691, 'ring_amp': 2.212, 'M_max': 2.954, 'bulge_gate_power': 33.05, 'lambda_hat': 21.787}"
NGC2683,Sb,early,class_early,10.93501469563161,34.45655315000832,30.749803525643262,11,0.017653942108154297,"{'eta': 0.027, 'ring_amp': 1.508, 'M_max': 2.74, 'bulge_gate_power': 32.645, 'lambda_hat': 17.236}"
NGC2841,Sb,early,class_early,17.053486869553723,56.22114014691885,77.26437509829861,48,0.03832817077636719,"{'eta': 0.027, 'ring_amp': 1.508, 'M_max': 2.74, 'bulge_gate_power': 32.645, 'lambda_hat': 17.236}"
NGC2903,Sbc,intermediate,class_intermediate,73.14863136553649,130.95231758115335,596.4229616753881,34,0.03000354766845703,"{'eta': 0.015, 'ring_amp': 0.0, 'M_max': 1.376, 'bulge_gate_power': 32.962, 'lambda_hat': 15.499}"
NGC2915,BCD,late,class_late,52.70406403216904,33.70826754090881,23.5554722969853,30,0.027696847915649414,"{'eta': 0.691, 'ring_amp': 2.212, 'M_max': 2.954, 'bulge_gate_power': 33.05, 'lambda_hat': 21.787}"
NGC2955,Sb,early,class_early,45.99991966351862,147.84473174941868,974.05048155187,24,0.026179790496826172,"{'eta': 0.027, 'ring_amp': 1.508, 'M_max': 2.74, 'bulge_gate_power': 32.645, 'lambda_hat': 17.236}"
NGC2976,Sc,intermediate,class_intermediate,32.77508728928616,23.62240236975853,41.39211085919506,27,0.026317596435546875,"{'eta': 0.015, 'ring_amp': 0.0, 'M_max': 1.376, 'bulge_gate_power': 32.962, 'lambda_hat': 15.499}"
NGC2998,Sc,intermediate,class_intermediate,67.86529896338665,131.91773043276999,218.55104022100815,13,0.016695737838745117,"{'eta': 0.015, 'ring_amp': 0.0, 'M_max': 1.376, 'bulge_gate_power': 32.962, 'lambda_hat': 15.499}"
NGC3109,Sm,late,class_late,38.341256947499815,23.923650932941236,76.66922113894849,25,0.02425837516784668,"{'eta': 0.691, 'ring_amp': 2.212, 'M_max': 2.954, 'bulge_gate_power': 33.05, 'lambda_hat': 21.787}"
NGC3198,Sc,intermediate,class_intermediate,65.83684737313523,64.76862380649891,434.0392071873149,43,0.035872459411621094,"{'eta': 0.015, 'ring_amp': 0.0, 'M_max': 1.376, 'bulge_gate_power': 32.962, 'lambda_hat': 15.499}"
NGC3521,Sbc,intermediate,class_intermediate,44.42892111614182,105.2207230190335,156.15602874146344,41,0.03356003761291504,"{'eta': 0.015, 'ring_amp': 0.0, 'M_max': 1.376, 'bulge_gate_power': 32.962, 'lambda_hat': 15.499}"
NGC3726,Sc,intermediate,class_intermediate,36.86916019213934,62.95199171452732,157.62648269334053,12,0.015642166137695312,"{'eta': 0.015, 'ring_amp': 0.0, 'M_max': 1.376, 'bulge_gate_power': 32.962, 'lambda_hat': 15.499}"
NGC3741,Im,late,class_late,48.318219265273584,22.873627369251885,97.80320453856311,21,0.02055501937866211,"{'eta': 0.691, 'ring_amp': 2.212, 'M_max': 2.954, 'bulge_gate_power': 33.05, 'lambda_hat': 21.787}"
NGC3769,Sb,early,class_early,30.507894874133495,39.05271414313387,27.164744036914282,12,0.016058921813964844,"{'eta': 0.027, 'ring_amp': 1.508, 'M_max': 2.74, 'bulge_gate_power': 32.645, 'lambda_hat': 17.236}"
NGC3877,Sc,intermediate,class_intermediate,30.238018166494417,32.49976082353731,18.465382189397733,13,0.017257213592529297,"{'eta': 0.015, 'ring_amp': 0.0, 'M_max': 1.376, 'bulge_gate_power': 32.962, 'lambda_hat': 15.499}"
NGC3893,Sc,intermediate,class_intermediate,28.108684475286445,62.865247139019665,92.83689467037331,10,0.014842748641967773,"{'eta': 0.015, 'ring_amp': 0.0, 'M_max': 1.376, 'bulge_gate_power': 32.962, 'lambda_hat': 15.499}"
NGC3917,Scd,late,class_late,58.83176075245259,55.64353489180422,218.68254079276872,17,0.019400358200073242,"{'eta': 0.691, 'ring_amp': 2.212, 'M_max': 2.954, 'bulge_gate_power': 33.05, 'lambda_hat': 21.787}"
NGC3949,Sbc,intermediate,class_intermediate,27.531212804332846,54.793162413264255,95.82087892058253,7,0.012413501739501953,"{'eta': 0.015, 'ring_amp': 0.0, 'M_max': 1.376, 'bulge_gate_power': 32.962, 'lambda_hat': 15.499}"
NGC3953,Sbc,intermediate,class_intermediate,23.916861583184485,56.82525934310485,103.56160785621806,8,0.01438450813293457,"{'eta': 0.015, 'ring_amp': 0.0, 'M_max': 1.376, 'bulge_gate_power': 32.962, 'lambda_hat': 15.499}"
NGC3972,Sbc,intermediate,class_intermediate,24.41763955141902,26.45243158747727,31.323802109261887,10,0.015298604965209961,"{'eta': 0.015, 'ring_amp': 0.0, 'M_max': 1.376, 'bulge_gate_power': 32.962, 'lambda_hat': 15.499}"
NGC3992,Sbc,intermediate,class_intermediate,7.832285951732214,32.18873789359312,30.037792616578677,9,0.014467000961303711,"{'eta': 0.015, 'ring_amp': 0.0, 'M_max': 1.376, 'bulge_gate_power': 32.962, 'lambda_hat': 15.499}"
NGC4010,Sd,late,class_late,67.40526254707325,59.54860970309068,121.42405532064012,12,0.016652345657348633,"{'eta': 0.691, 'ring_amp': 2.212, 'M_max': 2.954, 'bulge_gate_power': 33.05, 'lambda_hat': 21.787}"
NGC4013,Sb,early,class_early,15.613934088511467,39.87830627264143,120.47324815024088,35,0.030144929885864258,"{'eta': 0.027, 'ring_amp': 1.508, 'M_max': 2.74, 'bulge_gate_power': 32.645, 'lambda_hat': 17.236}"
NGC4051,Sbc,intermediate,class_intermediate,14.763702714179562,23.747675240507533,15.369066471964677,7,0.01119542121887207,"{'eta': 0.015, 'ring_amp': 0.0, 'M_max': 1.376, 'bulge_gate_power': 32.962, 'lambda_hat': 15.499}"
NGC4068,Im,late,class_late,60.2865963791559,9.143854307597685,8.954582334957072,6,0.011212825775146484,"{'eta': 0.691, 'ring_amp': 2.212, 'M_max': 2.954, 'bulge_gate_power': 33.05, 'lambda_hat': 21.787}"
NGC4085,Sc,intermediate,class_intermediate,59.28808191669945,54.10121608322053,86.70251630263205,7,0.011547565460205078,"{'eta': 0.015, 'ring_amp': 0.0, 'M_max': 1.376, 'bulge_gate_power': 32.962, 'lambda_hat': 15.499}"
NGC4088,Sbc,intermediate,class_intermediate,60.21953530802458,105.1951738363752,217.88618175087302,12,0.01591014862060547,"{'eta': 0.015, 'ring_amp': 0.0, 'M_max': 1.376, 'bulge_gate_power': 32.962, 'lambda_hat': 15.499}"
NGC4100,Sbc,intermediate,class_intermediate,15.298468559553548,33.7109473705295,35.940811011737715,23,0.022449493408203125,"{'eta': 0.015, 'ring_amp': 0.0, 'M_max': 1.376, 'bulge_gate_power': 32.962, 'lambda_hat': 15.499}"
NGC4138,S0,early,class_early,10.794758825741514,21.254612789940296,4.44182438622665,7,0.0115509033203125,"{'eta': 0.027, 'ring_amp': 1.508, 'M_max': 2.74, 'bulge_gate_power': 32.645, 'lambda_hat': 17.236}"
NGC4157,Sb,early,class_early,34.81574723417478,80.3730914199546,87.95643375236078,17,0.01949477195739746,"{'eta': 0.027, 'ring_amp': 1.508, 'M_max': 2.74, 'bulge_gate_power': 32.645, 'lambda_hat': 17.236}"
NGC4183,Scd,late,class_late,50.822051306994084,52.38464298084413,94.66227499413795,23,0.024018049240112305,"{'eta': 0.691, 'ring_amp': 2.212, 'M_max': 2.954, 'bulge_gate_power': 33.05, 'lambda_hat': 21.787}"
NGC4214,Im,late,class_late,20.162249637356812,16.69905275924817,6.830417457318366,14,0.016900062561035156,"{'eta': 0.691, 'ring_amp': 2.212, 'M_max': 2.954, 'bulge_gate_power': 33.05, 'lambda_hat': 21.787}"
NGC4217,Sb,early,class_early,74.30952255652407,127.66079674452365,321.61608875145436,19,0.018703222274780273,"{'eta': 0.027, 'ring_amp': 1.508, 'M_max': 2.74, 'bulge_gate_power': 32.645, 'lambda_hat': 17.236}"
NGC4389,Sbc,intermediate,class_intermediate,135.42840249185306,75.79451828660672,169.31923008824228,6,0.01183462142944336,"{'eta': 0.015, 'ring_amp': 0.0, 'M_max': 1.376, 'bulge_gate_power': 32.962, 'lambda_hat': 15.499}"
NGC4559,Scd,late,class_late,86.05060881205145,94.03074802632639,347.74650495337283,32,0.02885270118713379,"{'eta': 0.691, 'ring_amp': 2.212, 'M_max': 2.954, 'bulge_gate_power': 33.05, 'lambda_hat': 21.787}"
NGC5005,Sbc,intermediate,class_intermediate,48.033479839093495,154.30134608031807,122.93425176610538,18,0.01986861228942871,"{'eta': 0.015, 'ring_amp': 0.0, 'M_max': 1.376, 'bulge_gate_power': 32.962, 'lambda_hat': 15.499}"
NGC5033,Sc,intermediate,class_intermediate,32.056909273911906,103.53609609719902,214.51026473467695,22,0.02276468276977539,"{'eta': 0.015, 'ring_amp': 0.0, 'M_max': 1.376, 'bulge_gate_power': 32.962, 'lambda_hat': 15.499}"
NGC5055,Sbc,intermediate,class_intermediate,58.900009904260436,157.8548570507857,3420.2743647343514,28,0.025079011917114258,"{'eta': 0.015, 'ring_amp': 0.0, 'M_max': 1.376, 'bulge_gate_power': 32.962, 'lambda_hat': 15.499}"
NGC5371,Sbc,intermediate,class_intermediate,67.59238593873118,170.74644150472415,1956.0168177682197,19,0.021750211715698242,"{'eta': 0.015, 'ring_amp': 0.0, 'M_max': 1.376, 'bulge_gate_power': 32.962, 'lambda_hat': 15.499}"
NGC5585,Sd,late,class_late,86.8907079227842,40.49687585523733,349.25270711210334,24,0.024925708770751953,"{'eta': 0.691, 'ring_amp': 2.212, 'M_max': 2.954, 'bulge_gate_power': 33.05, 'lambda_hat': 21.787}"
NGC5907,Sc,intermediate,class_intermediate,12.549835206594572,43.88390881865265,178.98403111562652,19,0.02214789390563965,"{'eta': 0.015, 'ring_amp': 0.0, 'M_max': 1.376, 'bulge_gate_power': 32.962, 'lambda_hat': 15.499}"
NGC5985,Sb,early,class_early,12.882138741746694,46.20829355862278,94.65605032760956,32,0.029044628143310547,"{'eta': 0.027, 'ring_amp': 1.508, 'M_max': 2.74, 'bulge_gate_power': 32.645, 'lambda_hat': 17.236}"
NGC6015,Scd,late,class_late,68.97760678050055,104.11674599986834,1805.7204499606119,44,0.0376436710357666,"{'eta': 0.691, 'ring_amp': 2.212, 'M_max': 2.954, 'bulge_gate_power': 33.05, 'lambda_hat': 21.787}"
NGC6195,Sb,early,class_early,42.05905629781189,130.90765310373553,948.4172077989205,23,0.02279353141784668,"{'eta': 0.027, 'ring_amp': 1.508, 'M_max': 2.74, 'bulge_gate_power': 32.645, 'lambda_hat': 17.236}"
NGC6503,Scd,late,class_late,34.24429662804208,49.60172008068721,533.468388309157,31,0.026935815811157227,"{'eta': 0.691, 'ring_amp': 2.212, 'M_max': 2.954, 'bulge_gate_power': 33.05, 'lambda_hat': 21.787}"
NGC6674,Sb,early,class_early,13.534461061590305,55.3999649427298,51.38859615334893,15,0.016957759857177734,"{'eta': 0.027, 'ring_amp': 1.508, 'M_max': 2.74, 'bulge_gate_power': 32.645, 'lambda_hat': 17.236}"
NGC6789,BCD,late,class_late,47.24241779670722,25.090485447624996,23.828565565316534,4,0.012513160705566406,"{'eta': 0.691, 'ring_amp': 2.212, 'M_max': 2.954, 'bulge_gate_power': 33.05, 'lambda_hat': 21.787}"
NGC6946,Scd,late,class_late,104.79145833416244,173.01284584442504,3403.559943601492,58,0.04326224327087402,"{'eta': 0.691, 'ring_amp': 2.212, 'M_max': 2.954, 'bulge_gate_power': 33.05, 'lambda_hat': 21.787}"
NGC7331,Sb,early,class_early,45.86862484836254,151.38906698564642,883.5782043047843,35,0.031019210815429688,"{'eta': 0.027, 'ring_amp': 1.508, 'M_max': 2.74, 'bulge_gate_power': 32.645, 'lambda_hat': 17.236}"
NGC7793,Sd,late,class_late,57.43235882179443,33.26832217210602,27.89045916705775,46,0.038861751556396484,"{'eta': 0.691, 'ring_amp': 2.212, 'M_max': 2.954, 'bulge_gate_power': 33.05, 'lambda_hat': 21.787}"
NGC7814,Sab,early,class_early,25.096107593441808,75.38741222420457,128.87184203251425,18,0.02088022232055664,"{'eta': 0.027, 'ring_amp': 1.508, 'M_max': 2.74, 'bulge_gate_power': 32.645, 'lambda_hat': 17.236}"
PGC51017,BCD,late,class_late,53.10637149203862,10.535572480935025,31.30176043008953,6,0.014421463012695312,"{'eta': 0.691, 'ring_amp': 2.212, 'M_max': 2.954, 'bulge_gate_power': 33.05, 'lambda_hat': 21.787}"
UGC00128,Sdm,late,class_late,54.361898861245955,60.35407335950892,463.66127739127796,22,0.021729469299316406,"{'eta': 0.691, 'ring_amp': 2.212, 'M_max': 2.954, 'bulge_gate_power': 33.05, 'lambda_hat': 21.787}"
UGC00191,Sm,late,class_late,40.84297379858371,31.79554629478821,249.93487262687967,9,0.014182329177856445,"{'eta': 0.691, 'ring_amp': 2.212, 'M_max': 2.954, 'bulge_gate_power': 33.05, 'lambda_hat': 21.787}"
UGC00634,Sm,late,class_late,17.054007127092348,16.65371180817549,46.37892180256093,4,0.01081395149230957,"{'eta': 0.691, 'ring_amp': 2.212, 'M_max': 2.954, 'bulge_gate_power': 33.05, 'lambda_hat': 21.787}"
UGC00731,Im,late,class_late,26.194492028941227,20.86538535751411,58.652522244223064,12,0.017790794372558594,"{'eta': 0.691, 'ring_amp': 2.212, 'M_max': 2.954, 'bulge_gate_power': 33.05, 'lambda_hat': 21.787}"
UGC00891,Sm,late,class_late,29.298281786892403,14.383478596490335,57.76995376596844,5,0.011647701263427734,"{'eta': 0.691, 'ring_amp': 2.212, 'M_max': 2.954, 'bulge_gate_power': 33.05, 'lambda_hat': 21.787}"
UGC01230,Sm,late,class_late,56.12008698335189,34.999425740672315,12.009130373240833,11,0.016719818115234375,"{'eta': 0.691, 'ring_amp': 2.212, 'M_max': 2.954, 'bulge_gate_power': 33.05, 'lambda_hat': 21.787}"
UGC01281,Sdm,late,class_late,40.046010686647996,18.99393642023529,19.880575552367503,25,0.024853944778442383,"{'eta': 0.691, 'ring_amp': 2.212, 'M_max': 2.954, 'bulge_gate_power': 33.05, 'lambda_hat': 21.787}"
UGC02023,Im,late,class_late,36.277169381739135,11.222356806030593,2.08467618630102,5,0.01053309440612793,"{'eta': 0.691, 'ring_amp': 2.212, 'M_max': 2.954, 'bulge_gate_power': 33.05, 'lambda_hat': 21.787}"
UGC02259,Sdm,late,class_late,13.287228751820532,13.240349750920638,35.605494897046384,8,0.012428998947143555,"{'eta': 0.691, 'ring_amp': 2.212, 'M_max': 2.954, 'bulge_gate_power': 33.05, 'lambda_hat': 21.787}"
UGC02455,Im,late,class_late,192.0131938650831,61.95491291219984,331.0858966272419,8,0.019502639770507812,"{'eta': 0.691, 'ring_amp': 2.212, 'M_max': 2.954, 'bulge_gate_power': 33.05, 'lambda_hat': 21.787}"
UGC02487,S0,early,class_early,24.578218036279303,181.00070937034556,384.35430414286617,16,0.01813960075378418,"{'eta': 0.027, 'ring_amp': 1.508, 'M_max': 2.74, 'bulge_gate_power': 32.645, 'lambda_hat': 17.236}"
UGC02885,Sc,intermediate,class_intermediate,32.160488027256825,157.67898901036747,262.43922662850014,19,0.021403789520263672,"{'eta': 0.015, 'ring_amp': 0.0, 'M_max': 1.376, 'bulge_gate_power': 32.962, 'lambda_hat': 15.499}"
UGC02916,Sab,early,class_early,35.2449659183533,102.45645819499441,1141.1574856998882,43,0.03455710411071777,"{'eta': 0.027, 'ring_amp': 1.508, 'M_max': 2.74, 'bulge_gate_power': 32.645, 'lambda_hat': 17.236}"
UGC02953,Sab,early,class_early,60.15133278690136,210.6607054453461,984.0918522418069,115,0.08028864860534668,"{'eta': 0.027, 'ring_amp': 1.508, 'M_max': 2.74, 'bulge_gate_power': 32.645, 'lambda_hat': 17.236}"
UGC03205,Sab,early,class_early,41.980509278234734,113.64695619205555,181.66645819646865,48,0.039034128189086914,"{'eta': 0.027, 'ring_amp': 1.508, 'M_max': 2.74, 'bulge_gate_power': 32.645, 'lambda_hat': 17.236}"
UGC03546,Sa,early,class_early,45.023783399779646,121.39659093171846,147.71263190599828,30,0.028708457946777344,"{'eta': 0.027, 'ring_amp': 1.508, 'M_max': 2.74, 'bulge_gate_power': 32.645, 'lambda_hat': 17.236}"
UGC03580,Sa,early,class_early,75.50638934626491,70.1490292008221,509.6841897375579,47,0.03769874572753906,"{'eta': 0.027, 'ring_amp': 1.508, 'M_max': 2.74, 'bulge_gate_power': 32.645, 'lambda_hat': 17.236}"
UGC04278,Sd,late,class_late,37.32533498669703,25.09824596505633,23.695655848148494,25,0.022327661514282227,"{'eta': 0.691, 'ring_amp': 2.212, 'M_max': 2.954, 'bulge_gate_power': 33.05, 'lambda_hat': 21.787}"
UGC04305,Im,late,class_late,88.04037338136003,19.64291282554815,31.051877086247536,22,0.021086454391479492,"{'eta': 0.691, 'ring_amp': 2.212, 'M_max': 2.954, 'bulge_gate_power': 33.05, 'lambda_hat': 21.787}"
UGC04325,Sm,late,class_late,11.775454066902482,11.86123092085831,17.28298445733766,8,0.011883735656738281,"{'eta': 0.691, 'ring_amp': 2.212, 'M_max': 2.954, 'bulge_gate_power': 33.05, 'lambda_hat': 21.787}"
UGC04483,Im,late,class_late,36.396749394462944,7.440822683752103,14.78936953992923,8,0.015533208847045898,"{'eta': 0.691, 'ring_amp': 2.212, 'M_max': 2.954, 'bulge_gate_power': 33.05, 'lambda_hat': 21.787}"
UGC04499,Sdm,late,class_late,28.091876301795683,15.33803401549373,25.07444494980372,9,0.016078948974609375,"{'eta': 0.691, 'ring_amp': 2.212, 'M_max': 2.954, 'bulge_gate_power': 33.05, 'lambda_hat': 21.787}"
UGC05005,Im,late,class_late,76.88233112670851,36.11028457930346,15.458812848034512,11,0.014110565185546875,"{'eta': 0.691, 'ring_amp': 2.212, 'M_max': 2.954, 'bulge_gate_power': 33.05, 'lambda_hat': 21.787}"
UGC05253,Sab,early,class_early,43.629539062835725,139.45259224018181,1410.1098391597993,73,0.05447268486022949,"{'eta': 0.027, 'ring_amp': 1.508, 'M_max': 2.74, 'bulge_gate_power': 32.645, 'lambda_hat': 17.236}"
UGC05414,Im,late,class_late,26.321791207628095,10.457774405712314,21.820130737823302,6,0.013327836990356445,"{'eta': 0.691, 'ring_amp': 2.212, 'M_max': 2.954, 'bulge_gate_power': 33.05, 'lambda_hat': 21.787}"
UGC05716,Sm,late,class_late,23.48009360124722,16.21487808969417,66.14702483334355,12,0.015024662017822266,"{'eta': 0.691, 'ring_amp': 2.212, 'M_max': 2.954, 'bulge_gate_power': 33.05, 'lambda_hat': 21.787}"
UGC05721,Sd,late,class_late,38.533314020569236,27.39022393822692,35.492450807408574,23,0.02474498748779297,"{'eta': 0.691, 'ring_amp': 2.212, 'M_max': 2.954, 'bulge_gate_power': 33.05, 'lambda_hat': 21.787}"
UGC05750,Sdm,late,class_late,63.46077509896184,25.045319132808356,8.741437268271577,11,0.015807390213012695,"{'eta': 0.691, 'ring_amp': 2.212, 'M_max': 2.954, 'bulge_gate_power': 33.05, 'lambda_hat': 21.787}"
UGC05764,Im,late,class_late,39.18346060356172,21.35701739089162,111.12094250618127,10,0.015511035919189453,"{'eta': 0.691, 'ring_amp': 2.212, 'M_max': 2.954, 'bulge_gate_power': 33.05, 'lambda_hat': 21.787}"
UGC05829,Im,late,class_late,23.014606627305902,16.912326637704478,12.288485663361765,11,0.016629934310913086,"{'eta': 0.691, 'ring_amp': 2.212, 'M_max': 2.954, 'bulge_gate_power': 33.05, 'lambda_hat': 21.787}"
UGC05918,Im,late,class_late,30.31557596933719,12.655352315290477,11.8510089580474,8,0.01332998275756836,"{'eta': 0.691, 'ring_amp': 2.212, 'M_max': 2.954, 'bulge_gate_power': 33.05, 'lambda_hat': 21.787}"
UGC05986,Sm,late,class_late,26.9734452763456,24.37019397405842,92.54502209835915,15,0.01896953582763672,"{'eta': 0.691, 'ring_amp': 2.212, 'M_max': 2.954, 'bulge_gate_power': 33.05, 'lambda_hat': 21.787}"
UGC05999,Im,late,class_late,25.74370454579564,19.58089899572017,19.170580274029756,5,0.01031184196472168,"{'eta': 0.691, 'ring_amp': 2.212, 'M_max': 2.954, 'bulge_gate_power': 33.05, 'lambda_hat': 21.787}"
UGC06399,Sm,late,class_late,21.77730217017606,14.215921871368765,8.997775682011415,9,0.014276266098022461,"{'eta': 0.691, 'ring_amp': 2.212, 'M_max': 2.954, 'bulge_gate_power': 33.05, 'lambda_hat': 21.787}"
UGC06446,Sd,late,class_late,24.444896587275192,19.039600617584203,15.196930701108444,17,0.021450281143188477,"{'eta': 0.691, 'ring_amp': 2.212, 'M_max': 2.954, 'bulge_gate_power': 33.05, 'lambda_hat': 21.787}"
UGC06614,Sa,early,class_early,23.449599338304818,51.22406816748148,27.83946188654144,13,0.018584012985229492,"{'eta': 0.027, 'ring_amp': 1.508, 'M_max': 2.74, 'bulge_gate_power': 32.645, 'lambda_hat': 17.236}"
UGC06628,Sm,late,class_late,60.04992423106447,23.568732659493634,9.47563298291385,7,0.013148784637451172,"{'eta': 0.691, 'ring_amp': 2.212, 'M_max': 2.954, 'bulge_gate_power': 33.05, 'lambda_hat': 21.787}"
UGC06667,Scd,late,class_late,57.4717693002813,41.75886785130222,184.94177110699636,9,0.015863895416259766,"{'eta': 0.691, 'ring_amp': 2.212, 'M_max': 2.954, 'bulge_gate_power': 33.05, 'lambda_hat': 21.787}"
UGC06786,S0,early,class_early,40.56608245274209,120.86849252088474,443.8743747745959,45,0.03995943069458008,"{'eta': 0.027, 'ring_amp': 1.508, 'M_max': 2.74, 'bulge_gate_power': 32.645, 'lambda_hat': 17.236}"
UGC06787,Sab,early,class_early,44.186202277842064,145.9078085523663,550.9740501093881,71,0.04976224899291992,"{'eta': 0.027, 'ring_amp': 1.508, 'M_max': 2.74, 'bulge_gate_power': 32.645, 'lambda_hat': 17.236}"
UGC06818,Sm,late,class_late,53.68663338340121,22.639513862974916,24.73919561656175,8,0.01190948486328125,"{'eta': 0.691, 'ring_amp': 2.212, 'M_max': 2.954, 'bulge_gate_power': 33.05, 'lambda_hat': 21.787}"
UGC06917,Sm,late,class_late,11.60943092478598,12.659748661704892,10.279471468394599,11,0.013239860534667969,"{'eta': 0.691, 'ring_amp': 2.212, 'M_max': 2.954, 'bulge_gate_power': 33.05, 'lambda_hat': 21.787}"
UGC06923,Im,late,class_late,33.64944637429246,22.464860114422972,17.350411307098604,6,0.01596665382385254,"{'eta': 0.691, 'ring_amp': 2.212, 'M_max': 2.954, 'bulge_gate_power': 33.05, 'lambda_hat': 21.787}"
UGC06930,Sd,late,class_late,46.34554914337079,44.663104156471356,59.78274124666739,10,0.012603521347045898,"{'eta': 0.691, 'ring_amp': 2.212, 'M_max': 2.954, 'bulge_gate_power': 33.05, 'lambda_hat': 21.787}"
UGC06973,Sab,early,class_early,43.12328902445852,94.28442270063634,536.1835022754673,9,0.01108407974243164,"{'eta': 0.027, 'ring_amp': 1.508, 'M_max': 2.74, 'bulge_gate_power': 32.645, 'lambda_hat': 17.236}"
UGC06983,Scd,late,class_late,19.051009388468593,21.752047358516077,19.45198618927427,17,0.017310619354248047,"{'eta': 0.691, 'ring_amp': 2.212, 'M_max': 2.954, 'bulge_gate_power': 33.05, 'lambda_hat': 21.787}"
UGC07089,Sdm,late,class_late,51.41253651228316,27.11168022461275,44.03882979734975,12,0.014568567276000977,"{'eta': 0.691, 'ring_amp': 2.212, 'M_max': 2.954, 'bulge_gate_power': 33.05, 'lambda_hat': 21.787}"
UGC07125,Sm,late,class_late,57.26318953918299,32.382102227634505,185.36289959436587,13,0.015047788619995117,"{'eta': 0.691, 'ring_amp': 2.212, 'M_max': 2.954, 'bulge_gate_power': 33.05, 'lambda_hat': 21.787}"
UGC07151,Scd,late,class_late,22.45564476248563,12.763345018500914,28.030197252577352,11,0.014740228652954102,"{'eta': 0.691, 'ring_amp': 2.212, 'M_max': 2.954, 'bulge_gate_power': 33.05, 'lambda_hat': 21.787}"
UGC07232,Im,late,class_late,19.123514285666488,10.273975216498481,12.923730241717175,4,0.009167194366455078,"{'eta': 0.691, 'ring_amp': 2.212, 'M_max': 2.954, 'bulge_gate_power': 33.05, 'lambda_hat': 21.787}"
UGC07261,Sdm,late,class_late,12.955447172976537,9.371303739684295,3.1982613949790557,7,0.01252889633178711,"{'eta': 0.691, 'ring_amp': 2.212, 'M_max': 2.954, 'bulge_gate_power': 33.05, 'lambda_hat': 21.787}"
UGC07323,Sdm,late,class_late,29.75794638365533,15.675698827633008,18.2301139113238,10,0.016526222229003906,"{'eta': 0.691, 'ring_amp': 2.212, 'M_max': 2.954, 'bulge_gate_power': 33.05, 'lambda_hat': 21.787}"
UGC07399,Sdm,late,class_late,31.189101110560692,33.090351943759565,94.34776880610508,10,0.013055801391601562,"{'eta': 0.691, 'ring_amp': 2.212, 'M_max': 2.954, 'bulge_gate_power': 33.05, 'lambda_hat': 21.787}"
UGC07524,Sm,late,class_late,23.265283118800504,15.006598335922364,20.993837854484486,31,0.027610063552856445,"{'eta': 0.691, 'ring_amp': 2.212, 'M_max': 2.954, 'bulge_gate_power': 33.05, 'lambda_hat': 21.787}"
UGC07559,Im,late,class_late,31.24708581632152,7.486962159119114,6.2683468739048385,7,0.012238025665283203,"{'eta': 0.691, 'ring_amp': 2.212, 'M_max': 2.954, 'bulge_gate_power': 33.05, 'lambda_hat': 21.787}"
UGC07577,Im,late,class_late,23.33321509626047,2.923847045967633,0.9570691062445005,9,0.01445627212524414,"{'eta': 0.691, 'ring_amp': 2.212, 'M_max': 2.954, 'bulge_gate_power': 33.05, 'lambda_hat': 21.787}"
UGC07603,Sd,late,class_late,31.30528366411575,17.05288682045978,37.98295025352285,12,0.014094829559326172,"{'eta': 0.691, 'ring_amp': 2.212, 'M_max': 2.954, 'bulge_gate_power': 33.05, 'lambda_hat': 21.787}"
UGC07608,Im,late,class_late,41.64156490644756,25.722327619549777,16.895079602364262,8,0.012038707733154297,"{'eta': 0.691, 'ring_amp': 2.212, 'M_max': 2.954, 'bulge_gate_power': 33.05, 'lambda_hat': 21.787}"
UGC07690,Im,late,class_late,8.662460266324372,6.369600290080198,2.5481008301682295,7,0.011271476745605469,"{'eta': 0.691, 'ring_amp': 2.212, 'M_max': 2.954, 'bulge_gate_power': 33.05, 'lambda_hat': 21.787}"
UGC07866,Im,late,class_late,20.07998817483057,7.1366652543436,3.5871424585306513,7,0.011954069137573242,"{'eta': 0.691, 'ring_amp': 2.212, 'M_max': 2.954, 'bulge_gate_power': 33.05, 'lambda_hat': 21.787}"
UGC08286,Scd,late,class_late,19.690169664267707,14.935893532497767,54.24099398922034,17,0.01786184310913086,"{'eta': 0.691, 'ring_amp': 2.212, 'M_max': 2.954, 'bulge_gate_power': 33.05, 'lambda_hat': 21.787}"
UGC08490,Sm,late,class_late,22.31264282124767,17.274734143929656,22.67217939083644,30,0.025981664657592773,"{'eta': 0.691, 'ring_amp': 2.212, 'M_max': 2.954, 'bulge_gate_power': 33.05, 'lambda_hat': 21.787}"
UGC08550,Sd,late,class_late,28.544258579992253,17.772099006006894,82.04599296145935,11,0.013156414031982422,"{'eta': 0.691, 'ring_amp': 2.212, 'M_max': 2.954, 'bulge_gate_power': 33.05, 'lambda_hat': 21.787}"
UGC08699,Sab,early,class_early,40.38156823032456,104.53628847269717,272.17151858767073,41,0.03636574745178223,"{'eta': 0.027, 'ring_amp': 1.508, 'M_max': 2.74, 'bulge_gate_power': 32.645, 'lambda_hat': 17.236}"
UGC08837,Im,late,class_late,58.61185638663828,11.449158770717824,31.419880033899346,8,0.012144327163696289,"{'eta': 0.691, 'ring_amp': 2.212, 'M_max': 2.954, 'bulge_gate_power': 33.05, 'lambda_hat': 21.787}"
UGC09037,Scd,late,class_late,127.89805132772281,171.49087852839307,1285.6010885308867,22,0.022139310836791992,"{'eta': 0.691, 'ring_amp': 2.212, 'M_max': 2.954, 'bulge_gate_power': 33.05, 'lambda_hat': 21.787}"
UGC09133,Sab,early,class_early,40.79551644102973,189.68642092698025,980.6458637587741,68,0.052291154861450195,"{'eta': 0.027, 'ring_amp': 1.508, 'M_max': 2.74, 'bulge_gate_power': 32.645, 'lambda_hat': 17.236}"
UGC09992,Im,late,class_late,7.941881123154711,3.3279330574703447,0.4321418373233184,5,0.011748552322387695,"{'eta': 0.691, 'ring_amp': 2.212, 'M_max': 2.954, 'bulge_gate_power': 33.05, 'lambda_hat': 21.787}"
UGC10310,Sm,late,class_late,13.965117273999029,8.791717143446032,3.522030966430112,7,0.012528181076049805,"{'eta': 0.691, 'ring_amp': 2.212, 'M_max': 2.954, 'bulge_gate_power': 33.05, 'lambda_hat': 21.787}"
UGC11455,Scd,late,class_late,138.78672853358657,270.6325148260809,1642.7295411594762,36,0.033296823501586914,"{'eta': 0.691, 'ring_amp': 2.212, 'M_max': 2.954, 'bulge_gate_power': 33.05, 'lambda_hat': 21.787}"
UGC11557,Sdm,late,class_late,246.31112665846112,61.963357426575556,64.54830675757042,12,0.01656818389892578,"{'eta': 0.691, 'ring_amp': 2.212, 'M_max': 2.954, 'bulge_gate_power': 33.05, 'lambda_hat': 21.787}"
UGC11820,Sm,late,class_late,73.26961331182277,32.56013835887809,185.34328910418014,10,0.015422582626342773,"{'eta': 0.691, 'ring_amp': 2.212, 'M_max': 2.954, 'bulge_gate_power': 33.05, 'lambda_hat': 21.787}"
UGC11914,Sab,early,class_early,29.300522627400383,105.04473485557295,441.8827399288301,65,0.04709148406982422,"{'eta': 0.027, 'ring_amp': 1.508, 'M_max': 2.74, 'bulge_gate_power': 32.645, 'lambda_hat': 17.236}"
UGC12506,Scd,late,class_late,47.365255755483304,124.6480886857465,100.94480920468872,31,0.02651047706604004,"{'eta': 0.691, 'ring_amp': 2.212, 'M_max': 2.954, 'bulge_gate_power': 33.05, 'lambda_hat': 21.787}"
UGC12632,Sm,late,class_late,21.56167304222572,14.909450116798778,26.143298477051136,15,0.020249605178833008,"{'eta': 0.691, 'ring_amp': 2.212, 'M_max': 2.954, 'bulge_gate_power': 33.05, 'lambda_hat': 21.787}"
UGC12732,Sm,late,class_late,24.842594397301596,20.70562015639624,37.65375194465362,16,0.01806783676147461,"{'eta': 0.691, 'ring_amp': 2.212, 'M_max': 2.954, 'bulge_gate_power': 33.05, 'lambda_hat': 21.787}"
UGCA281,BCD,late,class_late,30.337883696164027,8.769816677984158,19.930238794776418,7,0.012002944946289062,"{'eta': 0.691, 'ring_amp': 2.212, 'M_max': 2.954, 'bulge_gate_power': 33.05, 'lambda_hat': 21.787}"
UGCA442,Sm,late,class_late,38.190690432378695,15.601276320350367,53.369065633058405,8,0.0183413028717041,"{'eta': 0.691, 'ring_amp': 2.212, 'M_max': 2.954, 'bulge_gate_power': 33.05, 'lambda_hat': 21.787}"
UGCA444,Im,late,class_late,36.790790426187556,12.574644305421767,8.54563964156505,36,0.03228187561035156,"{'eta': 0.691, 'ring_amp': 2.212, 'M_max': 2.954, 'bulge_gate_power': 33.05, 'lambda_hat': 21.787}"
