name,hubble_type,type_group,best_error,total_evaluations,eta,ring_amp,M_max,bulge_gate_power,lambda_hat,error_std,error_range,error_cv,eta_std,eta_range,ring_amp_std,ring_amp_range,M_max_std,M_max_range,bulge_gate_power_std,bulge_gate_power_range,lambda_hat_std,lambda_hat_range,cluster,pc1,pc2
CamB,Im,late,57.82568359375,6000,0.010000762505925485,6.481620495927982e-05,2.9813184456786646,43.24698972979257,5.124797879730373,0.0,0.0,0.0,4.7511169193045565e-07,1.02060847565269e-06,5.890714006462768e-06,1.4301198451877203e-05,0.710397582831904,1.5129428665439653,2.3502324691611904,5.586677468680762,14.740962223354586,35.179839055728955,1,-1.1643486812919541,2.773244104522963
D512-2,Im,late,2.9777638912200928,6000,0.9615711892183582,9.635356454938574,1.7500218824881075,33.224687704513705,18.52541686012775,1.1207122378456995,2.377389669418335,0.29725324333308206,0.4573793205114771,1.0449173110123295,2.647306019071967,6.075048294751111,0.2131246717248809,0.4521057311978045,14.129495430228213,33.62314294192542,9.87779674125884,23.350325726953976,0,2.0680456203483875,-0.7819332592377103
D631-7,Im,late,16.171321868896484,6000,1.9999999201750205,0.15946820607232587,4.999999997573485,4.434154724345982,49.99998005570658,1.0369304930559852e-05,2.288818359375e-05,6.412153387872002e-07,5.251100121536591e-08,1.2224497814017354e-07,3.571516515598286e-06,7.899037182429458e-06,1.9340731241208243e-06,4.290697901865315e-06,16.70007177186177,40.79411460847995,0.00010116921846931625,0.00022131392874769062,3,-2.4167262758356007,-2.192675985706649
D564-8,Im,late,2.645246744155884,6000,1.999996663015264,2.2124913454670314,4.912684255044561,38.86301527799567,49.999917744651356,0.35763243921969096,0.7588009834289551,0.12339475446407643,0.5605054738321914,1.189087890386331,1.7048007572930821,3.6164712839931137,0.03590951811626542,0.08566822624204562,14.487064595328874,34.89577114190839,0.20778565969034388,0.4412264583212746,3,0.18251702666485872,-3.2328574294366192
DDO154,Im,late,5.418088436126709,6000,1.9999999315017274,0.9873740753501596,4.999997407099846,31.841419559668818,49.88786802012992,0.08403812628697271,0.19345378875732422,0.015182695527211916,0.38491982793038787,0.8219137178989886,1.3352280037418918,3.058100164901113,2.8997288402703763e-06,7.017404237252833e-06,8.45137617488181,17.970114022538244,14.744193950321622,34.229641402269046,0,0.4737768356595783,-1.8198412886954907
DDO161,Im,late,3.4304263591766357,6000,0.39841907464206994,0.21199000221443182,3.7698329555113768,15.16691115887254,31.26582017531371,0.23455032504897583,0.5394399166107178,0.06438254028623698,0.060327395860602984,0.1465497456337907,0.07005760187367996,0.1694315748481418,0.1545450056318883,0.3624028879771233,5.804474331791161,14.19682597845772,13.068324345420248,31.962550341473406,2,-0.5629379929800856,0.04245469782789858
DDO168,Im,late,6.190116882324219,6000,1.9999872474888256,0.7193457222346451,2.6489044554712367,43.60443460997601,49.99575726748928,0.04454958064335165,0.09813404083251953,0.007156091486703536,0.05147579000802742,0.1092788212335718,0.0236897088506042,0.054478553097093485,0.02010832002714618,0.04271668806015594,4.1195595316793066,9.835129855446361,0.2714399980702212,0.6311568662495475,3,-1.9390368974410137,-2.43043755687512
DDO064,Im,late,12.167132377624512,6000,0.8291528070149885,6.757315156928464,1.8684416212386328,47.753923981706826,39.00150964338899,0.0007029842681341305,0.0015668869018554688,5.77745760942453e-05,0.30932984327307406,0.7544400835571394,0.85802428066817,2.0670932028915443,0.00010959925733954321,0.0002660301020456224,9.729112363547125,23.754053632871447,4.012707069902625,9.502958289638727,3,-0.5920937559319505,-1.7190578709493676
DDO170,Im,late,3.170415163040161,6000,1.803110361265228,0.2623756046043349,2.2689706690144225,6.242074716170146,28.90961641125221,0.3066296023288984,0.6713423728942871,0.08509664346388743,0.7534928486133657,1.7266891842904026,2.570719946221851,6.287826772873929,0.0010452834086353078,0.002250190515420858,11.744541719016958,25.70323817953532,11.738997956942887,28.665390816410614,0,2.3571439770543074,-2.00821702281303
F563-V1,Im,late,5.885758876800537,6000,0.01000000105997286,6.317060170585312,0.8266408159929945,6.266126604158553,5.000001811810064,0.01831173795782118,0.038845062255859375,0.0030975650889361935,5.567583864810826e-10,1.3583494815061492e-09,2.977885647893697,6.317053364517606,1.4553397031836475,3.512391342000525,13.905165008894866,32.60741004246774,15.319410234611095,36.36391269167273,1,0.2059017802011174,3.0198440496511396
F561-1,Sm,late,10.2810697555542,6000,0.010000000746749485,1.659788259487276,0.6115445819551328,41.45006164048185,5.000000066909801,0.005475718558535353,0.011615753173828125,0.0005324015179164074,2.407807753709429e-09,5.420351181784078e-09,0.7824259445463062,1.6597858883180245,1.7107273769196452,4.093596597622623,9.615696821821873,22.93851692094456,16.210549015310196,34.387784990589765,1,-0.6911451292785756,3.903964899513705
ESO079-G014,Sbc,intermediate,7.666964054107666,6000,0.033322833423235894,1.7493152899563347,0.6675562801079484,19.17060972591519,46.262038736680196,2.1444808181116954,4.601677417755127,0.23217419541833334,0.9254608128199355,1.963479076442335,1.7175763183411243,4.200705705609328,0.05802398644148455,0.12571154429637066,11.594074602999482,27.93896277329494,9.13431335342237,22.280015338593778,0,3.267185663498544,-1.1798824226616746
ESO116-G012,Sd,late,4.46946382522583,6000,0.3679669887925565,1.0125506724975841,4.094575783064954,6.56769473296225,26.39434415508784,1.9386128303905492,4.119155406951904,0.33155583038930175,0.16630265673001687,0.36963510614405665,3.015893783542844,6.497781490661508,0.9992975635101184,2.3175058745468595,9.923667606524292,23.529448205607565,8.253949206906276,19.75122770751941,0,1.4763169152167972,1.0143347509603704
ESO444-G084,Im,late,16.146495819091797,6000,1.9998567573310453,14.999922285211653,4.9999856259683,53.59493236443798,12.431100216973855,0.014426171670494516,0.0307464599609375,0.0008928831708008379,0.0014781825695592713,0.0034569029981803556,0.18534689126720139,0.3934349684797276,0.0003283906154618438,0.0007013230763481815,2.9813153748552277,7.286049799046189,0.1311785566931704,0.2804777366841371,3,-2.2051674161768697,-2.3368067246492665
ESO563-G021,Sbc,intermediate,19.584199905395508,6000,0.022181620305349765,0.03740662489972164,1.5506130132598577,2.7650599484565355,5.000044150874049,0.0009350993757869111,0.0019855499267578125,4.774602582110397e-05,2.0204345743350675e-05,4.288799685493033e-05,0.01762948431778249,0.03740654524002471,0.21126658596922288,0.5152894341759617,12.722010092387658,28.669764004408282,4.209889239513931,8.930528045705614,2,-1.658526657998018,0.5313007246121577
F563-1,Sm,late,9.390008926391602,6000,1.9999214102940255,0.3201730087047125,4.999988104723264,39.86323450667443,47.31476843854141,0.10670170268799578,0.25995635986328125,0.011217393927406498,0.38754081797460627,0.8359601759735933,0.2861885661213609,0.6937479206201282,0.00012060058024865651,0.00029372033881269743,3.3962909212697303,8.034248184478585,11.092371908474949,26.160794314956085,3,-0.16484381729326375,-2.0158163102188653
F563-V2,Im,late,6.900559902191162,6000,1.9999999871829581,14.999999953303734,3.652011313609448,43.14544404876526,49.999999990555374,0.29981155068644666,0.6359963417053223,0.04215241856818294,0.3869391836764645,0.8208219946259654,2.436154785895299,5.1678653353682975,1.4501394039104396e-05,3.0839827763085026e-05,4.3180160561193235,10.23154369660029,17.419604593103998,36.95256406898781,0,1.2026999156918616,-2.15072807338533
F565-V2,Im,late,2.5169262886047363,6000,0.6782597982649508,11.51198290614089,4.999961247042732,17.388314945919305,11.393834520993863,0.1029711096402136,0.25079798698425293,0.039084353429653655,0.14440279923292035,0.3335636550548176,4.0040392763063695,8.732288708067394,0.0002887732709089106,0.0006299181583386826,16.864050402977917,39.74744324776322,7.254356240053752,17.309578726883267,0,0.3890330112390146,-1.3868913517646304
F567-2,Sm,late,4.154174327850342,6000,1.1293806339195693,3.8779653003049256e-10,0.6626452849928082,47.02649957902605,40.701726910122325,0.7328977229034042,1.6056838035583496,0.14124643781568813,0.512457541065,1.0931441392534047,3.580527043037269,8.716530143153784,6.468811307189697e-05,0.00015426332396883957,17.92840959476031,38.63942607476399,10.298235199438588,24.334406786760407,0,2.112151703110869,-1.2508853412950836
F568-1,Sc,intermediate,6.834573745727539,6000,0.13766358118953861,7.547608863204387,3.7518419116974013,24.042549858794445,42.24787614285506,0.015739823621234647,0.03752326965332031,0.0022958096247539693,0.07491859593370928,0.16614281969243808,2.131911342908968,4.831526847807445,0.0002598463017936712,0.0006362862217428322,12.364912002678995,29.225301252812557,7.995688442708967,19.53193860713596,2,-0.5072204267983218,-1.0844834021974712
F568-3,Sd,late,6.463082313537598,6000,0.1497351826455731,1.6593959182732554,1.9712854552734695,38.69559857650219,43.258866473491985,0.05020970598143917,0.1196441650390625,0.007687755106263923,0.043815152699650264,0.10017523531369403,1.439450425956564,3.1073413789330093,0.004742601294424317,0.011293555025282176,14.840450786896081,35.940529503974076,5.4015391187587465,13.227020769829977,2,-0.9937145070512972,-0.7565253641880336
F571-8,Sc,intermediate,47.91035461425781,6000,0.671687976172297,1.521696902532111e-11,4.999997103258305,10.715050829877804,38.2434843956796,5.3947966093944364e-06,1.1444091796875e-05,1.126018837323922e-07,3.1890904903948716e-06,7.2810286757540865e-06,6.995259361659787e-08,1.6360461893109242e-07,1.2129774128024512e-06,2.8639630231808155e-06,20.835276197116336,47.00680949734132,14.188257018069788,33.06922806916426,2,-1.4558195801151692,0.7235712669144625
F568-V1,Sd,late,4.527088642120361,6000,0.6905944002294063,2.5910500955630402,4.073273752357531,8.25837283344052,22.5874758352055,0.014341640481184706,0.035129547119140625,0.003155737956256346,0.21375982221357812,0.5106979802529055,3.415419535343004,8.244532739995638,0.00021334798346957606,0.0004904828372440662,14.654114479516053,35.02408089486905,0.5311400659374566,1.1835419103997467,2,-0.11328975569524888,-1.9690062566622653
F571-V1,Sd,late,2.218097448348999,6000,0.03201837013720072,11.58009572330401,4.290859625871251,52.02966322587177,31.60196251312915,0.3913107102823506,0.8308055400848389,0.15680611588561916,0.4908141429349709,1.0434091419914782,4.425843418964161,9.869268896326233,0.8119623304398721,1.7508506870093128,5.70328459481504,13.068371664842381,11.945218185666763,25.86889657912124,0,2.133810209580298,-0.3071494806305003
F574-2,Sm,late,33.90946578979492,6000,0.010000007380740151,1.6391024139479852e-06,3.5192905259016563,34.832217597346734,5.069899220433766,13.487176744836345,28.61062240600586,0.3104329793505827,0.9309320946307366,1.9748051929665988,4.254592823278848,9.025354497814218,1.42257858811232,3.019290525899585,13.290388273375422,32.27717574687472,13.91650144414674,33.329177281820215,4,8.457067961526253,3.761295180780042
F574-1,Sd,late,3.1480841636657715,6000,0.03969180032454729,10.802381239504461,2.232220626203451,27.340071147814786,48.64855896482048,0.00868342233730384,0.019761323928833008,0.002747713216776025,0.02638232997080026,0.0640572604995905,1.9072812586895802,4.565242010635674,0.00013564774476396979,0.0003290355757346042,12.826258020854652,27.491927205726295,7.128599953722729,16.114972519076062,2,-0.7137863091693415,-1.233025100592333
F579-V1,Sc,intermediate,9.757652282714844,6000,1.85001570277771,10.177498733187965,1.3438318739912911,32.98309439456793,19.89161010697422,0.0,0.0,0.0,0.1791740078017105,0.3908902734964239,4.059347616606722,9.896458304233189,1.684891246204355e-07,4.049577415621286e-07,6.898865334567834,15.526852857203359,11.581786677147962,27.66116017308753,0,1.001458458855222,-1.5273156619956387
F583-4,Sc,intermediate,9.000103950500488,6000,0.08750147618009674,6.090576639113926,2.2658004135485608,32.940944302894046,34.08302418713297,0.04305634648970753,0.09877681732177734,0.0047522708648346235,0.1469376337186793,0.3518222992776117,2.652648667381472,6.4975832092548655,0.4554253350444023,1.0774389950063519,1.225167475329107,2.873501920444319,10.667119814985952,26.115988723429336,0,0.3363100468072978,-0.12258792382695562
F583-1,Sm,late,11.07363510131836,6000,1.9999999870346798,0.29777064797744873,4.817271284119534,39.396696381117614,49.475287474772095,0.15877707909629604,0.36845874786376953,0.014058778612773845,0.5856353572362147,1.413712611190785,0.3995090072774061,0.9011658274392513,0.016039071483187645,0.03872122969293024,5.165895209701995,12.649860169434518,9.91913393120319,21.926857922026674,3,0.38505508121049115,-2.409542787199413
IC4202,Sbc,intermediate,18.276592254638672,6000,0.010752637368131817,14.99999676810502,4.2802908195242875,23.92977821815692,49.999975510375876,3.596531072929624e-06,7.62939453125e-06,1.9678343327764835e-07,4.907059941905869e-06,1.0566495744056964e-05,0.00019732197309007613,0.0004278104533348426,1.7438697411644726,3.7335233917934234,0.007645854845315663,0.016447064347612894,0.00047508626062349154,0.0010785224946232574,3,-2.4578942393169734,0.6534407597944885
IC2574,Sm,late,5.154267311096191,6000,0.31875255134628333,3.9327494965577836,3.883873573334366,8.464664694200772,10.934788207185504,0.03208039242468449,0.07224464416503906,0.006170120831897104,0.09266436364212038,0.2136205183644068,0.3544065558826105,0.8588407154467332,0.2797328893060438,0.6469105538372713,13.164985795929192,28.320731286441443,9.659630064874065,23.04247126134939,2,-0.9192832269781877,0.18130668192900065
KK98-251,Im,late,6.03050422668457,6000,1.9986340298942247,10.427109865675233,2.841462312089197,28.94993289146404,7.630711908412413,0.0320195094720922,0.06816339492797852,0.005270019475336929,0.10613002331523784,0.24838325952915064,1.704306842210485,3.9992096024155934,0.8759173101744387,1.85810222372091,9.801726117013327,23.030065766494378,11.369660073683221,26.294372456819797,0,-0.37561540575457714,0.14495808588098388
NGC0024,Sc,intermediate,7.551593780517578,6000,0.5716936342457126,14.81132464109241,1.172381090811818,32.13769056654479,10.366767940837988,0.001498147294303736,0.003574848175048828,0.00019833499641956474,0.37564872568682284,0.8608624473923703,4.598854392315158,11.169005082488688,1.251782956149604e-05,3.053987285328574e-05,6.344030929749825,13.821210940963098,4.0247599324978935,9.048098654559606,0,1.2768308923209037,-2.0482984426529387
NGC0289,Sbc,intermediate,26.695493698120117,6000,0.010090887355050067,9.183789547970386,0.5000001408490987,34.03989279114407,18.226615671635866,0.09262056558838838,0.19647789001464844,0.0034525800323235976,0.7278919038076126,1.7274970326671397,2.9098957844972766,6.537155522588165,1.3850557116827227e-07,3.362583889110482e-07,19.231744638512083,46.64576497611297,5.8376521427590795,13.462616143021055,0,1.5417293539865495,-1.0925167757904615
NGC0055,Sm,late,3.0150744915008545,6000,0.16982362185900982,0.5012732881476034,1.202077851448737,51.097713150633794,43.700659109657366,0.27662011067538356,0.6208791732788086,0.08126704967009428,0.059421534507211854,0.13970748700324584,1.3520719005405215,2.956237444324397,0.005451748220737282,0.013226453137091587,9.985334124638438,22.689791524581068,10.382584118982855,23.737563941761966,2,-0.246703878065001,-0.3129866365462582
NGC0100,Scd,late,4.679586887359619,6000,0.8872968161035519,0.010464488681194217,2.953921595428708,54.45097483928447,9.876698001742664,2.446220882334044,5.974032878875732,0.32474352757107583,0.3209705608851328,0.7846191093649559,0.8900817415434561,2.0000015850330435,0.816512446083068,1.9063703190150307,23.640417983922664,50.856004314559456,18.20767814451709,39.03790075681873,0,1.9508994540218947,2.2599156985139506
NGC0891,Sb,early,25.116966247558594,6000,0.010000000064146844,0.009104364858367619,4.473376649256515,59.58656250156273,6.029924453297062,0.0,0.0,0.0,1.577786094234679e-09,3.470664228233389e-09,0.0038691678171689572,0.009101463935595763,1.425409658599683,3.1469186479872597,24.362582853503337,51.76640711993657,6.07717570212066,13.020920881776933,1,-2.2160020181435978,2.8779190026310326
NGC0247,Sd,late,4.630248069763184,6000,1.879993025907167,11.204778135479216,1.393413676217913,33.04955262781546,19.893679231371348,0.0,0.0,0.0,0.5590487281319096,1.2389854235449336,2.6669725917358753,6.064390556556987,5.830227760582269e-08,1.4023900329895866e-07,7.587174786434145,17.526830453130557,8.836121705395751,20.739907233085958,0,1.2465488266609739,-2.328535643160893
NGC0801,Sc,intermediate,19.464622497558594,6000,0.010000000272472831,1.1618818792007164e-08,0.5000000650376776,33.0922967608887,10.380359920262004,0.0,0.0,0.0,3.7820136133676756e-10,9.178270834325764e-10,4.849475408144129e-09,1.1390200003736915e-08,3.471056975995341e-08,8.285879704583721e-08,11.30842890193724,26.21554239305018,17.926540154567704,40.43108914931359,2,-0.569756103508975,1.540588883579499
NGC0300,Sd,late,3.078833818435669,6000,0.6645354504815157,4.593815311821863,4.238574297245658,14.351570395080692,5.000024579337943,0.21872535645380403,0.4692704677581787,0.06753195729954628,0.1307152352971474,0.2776056972238278,1.270713781746516,2.7160392159120965,0.3395474982272089,0.7612847212671978,4.486919692029509,10.648980166925906,5.134287703967945,10.893849244848994,2,-0.5918161380980622,-0.6218082424763418
NGC1003,Scd,late,4.835995197296143,6000,0.2281643003044143,0.04410720790028988,4.941830859218959,15.25789443788645,24.530271651437047,1.0306378154982037,2.5119643211364746,0.16718598080985098,0.0519143639658827,0.12390558400342147,0.184858013740616,0.4123675714278535,0.10840846665150586,0.2654359033651268,18.122317594929587,43.218579412051035,7.731776949549094,18.364069055656007,2,-0.6372732548342515,0.06079363783957909
NGC1090,Sbc,intermediate,12.617903709411621,6000,0.02529918171471026,1.9559881551333738e-08,0.826403587399198,20.680318212950823,10.304199834721025,0.023772396122193718,0.050431251525878906,0.0018815141279361358,1.5631275323124924e-07,3.8109838522426553e-07,7.067967008907336e-08,1.5794496556865788e-07,0.08527226896470524,0.18089080750001074,7.954702346938059,19.468668290607425,2.088583925287772,5.08640452610216,2,-1.6902319391788478,-0.08458571666900307
NGC2683,Sb,early,6.172699451446533,6000,0.029138926471208387,2.936504703093716e-05,1.188054741835371,23.329667153042948,7.110733377181596,5.434148238460111,11.530150890350342,0.5424490052394927,0.928951175688919,1.970608327041598,4.7329738792161855,10.04032188251555,0.3239185896260801,0.6880547024827138,5.502155267649731,13.449537521077854,12.653569415029882,30.00712789578663,4,6.660866312020695,0.4168273568310867
NGC1705,BCD,late,7.575066566467285,6000,1.9556467266382433,0.995577927146168,4.9999995211030885,24.863194955427446,47.97515485004313,0.0702511335870198,0.16022825241088867,0.009198708621477305,0.1462681935854327,0.3474847051916967,0.1157076039499717,0.2818102078665661,0.0008824106927095478,0.0018734800094950543,11.218162591306971,27.36473278252486,1.0317999304080463,2.414203254704013,3,-1.7433339608733978,-2.5284977801268207
NGC2366,Im,late,5.590329647064209,6000,1.0848951588366735,0.8156618065434253,1.855852402970004,38.94541680402615,37.96057972952357,0.31143436162591315,0.7236599922180176,0.05294270519674553,0.4211191135648458,1.022598907479214,6.142722857051849,13.166892700788715,0.03113765035274865,0.07563322781232173,8.88437897103162,21.748259352633895,4.822545031263508,10.357057722952376,0,2.0604069126897855,-2.2597719962564
NGC2403,Scd,late,4.946294784545898,6000,0.3106262491716379,3.1781924703758945e-06,3.4555164126562783,43.053062572227134,5.624838748036028,0.02747401356184674,0.058286190032958984,0.005532727509664407,0.008514607391289165,0.018065613024156046,0.0013832644197133712,0.0029353074921542243,0.15256307174842784,0.3236718549111508,7.406508782796207,16.740925371487947,11.218312738134962,25.88442622312322,2,-1.1233152852770698,0.4929049159026918
NGC2841,Sb,early,2.7839972972869873,6000,0.03499559717321167,5.36738652028321,4.221275192925453,6.827190065456678,5.081792306822073,0.7852670765863885,1.793877363204956,0.22561601419728106,0.00271762650923716,0.0063833932321311,2.0600583728108597,4.884753144825279,0.19080464139582098,0.46703537894342073,24.271155540781507,52.869983842685734,8.034129896111494,19.08285710752963,2,0.048602997311215645,0.46761138821365983
NGC2998,Sc,intermediate,10.462685585021973,6000,0.012318277853985718,0.4431251538630021,1.301956390491417,53.992154712039834,20.655833384814255,2.0150028389463857,4.274466514587402,0.15136364932603255,0.8106890331057491,1.9802046108604205,3.654900308510065,8.883008232172825,0.37804583864907476,0.8019563846305608,16.181741302549103,39.556872207675966,6.824165651131632,14.65019608687589,0,3.2625253209324865,-0.43167006699167404
NGC2903,Sbc,intermediate,32.85041809082031,6000,0.044637319916398056,1.2077815097421651e-08,1.3826253278126097,39.163957546882706,21.58345573563682,1.798265536464812e-06,3.814697265625e-06,5.4741022226457085e-08,1.4207917468620562e-07,3.038249791822989e-07,5.459611600933513e-09,1.1987404156870404e-08,0.11648234601682997,0.27712853294448725,9.508825828424364,22.895952938149268,9.26769314344991,22.014126360079885,2,-1.3922245148741823,0.8744832307132925
NGC2955,Sb,early,16.61916732788086,6000,0.010000000006908406,7.761148012367783e-06,1.191906929628305,23.438416579219673,13.54158529840575,8.99132768232406e-07,1.9073486328125e-06,5.410215301983084e-08,3.778821385293177e-10,8.239256221731495e-10,0.001271945884388747,0.002702067663892989,1.4671062393707839,3.4197952518843917,16.41491869967791,37.95225410662513,2.160455530035548,5.29052846977158,1,-2.108145560423647,2.375543198965638
NGC2976,Sc,intermediate,11.570036888122559,6000,0.010000029560968866,1.0403998583077337e-05,4.882365817465795,37.13970757898025,6.020434425679552,0.0,0.0,0.0,1.2153134308060036e-08,2.7672869716208193e-08,4.270103619009796e-06,1.038955105848623e-05,1.567984002092118,3.435109232987083,5.577866161716349,12.137560459072578,6.416876814870473,13.736832516550505,1,-1.8747568851163048,2.325637068824759
NGC2915,BCD,late,30.66606903076172,6000,1.999999501282263,0.35614463181958017,4.9999998767346545,16.99698869001688,49.99993286288323,0.2871632683302587,0.6093578338623047,0.009302546952307299,0.43528428219206233,0.9233967330108073,0.2792124737749757,0.5937868393267605,0.0008770401368675393,0.0018626430254897741,12.134140832811509,29.653902115892347,1.4481733382508024,3.0722594110590364,3,-0.9516518785861854,-2.4800879621070915
NGC3521,Sbc,intermediate,24.625577926635742,6000,0.010000000515930028,6.580825914682857e-07,1.3685327524983493,33.447568713028545,6.859602998351065,0.0,0.0,0.0,2.1798687437995892e-09,4.756679061052038e-09,4.3949324868481164e-07,1.067483213795543e-06,0.2947695142714066,0.7106348516956593,7.976268295580249,18.78292328343361,6.174124725143795,13.193659397257882,2,-1.5670177286101188,0.9030501760342371
NGC3109,Sm,late,8.992546081542969,6000,1.9995794845204071,11.444905429832241,4.9999999653776905,36.60795698890615,7.241914106636109,0.21989529823604556,0.4782276153564453,0.024005732409789874,0.442337618824786,1.0769539977104938,2.0591108842913033,5.0172566957048925,4.0208373075264426e-05,9.242822517840921e-05,6.910957167019053,16.74498620496852,3.8635325704747214,8.676116906855249,3,0.29882370724748225,-2.6585655698198836
NGC3198,Sc,intermediate,11.826128005981445,6000,0.06268866482853769,4.944346304305732e-08,2.3537320034415625,50.308145187845476,18.35615000279367,0.015433217516877205,0.03278827667236328,0.0013038015994710505,0.0022819743328029714,0.00484334425605689,0.001977874734151225,0.004197754413850564,0.04038613727272873,0.08569311412395741,17.29323662958631,41.50638943357956,12.0743735886014,28.667036279609476,2,-1.2026709839947325,0.8240144049420074
NGC3877,Sc,intermediate,27.282901763916016,6000,0.010000021826938071,5.2392629919214636e-08,1.6725166869772525,39.695677308334815,22.739024526590008,0.0,0.0,0.0,6.114566823825911e-09,1.3133746472326902e-08,1.3850143358752203e-08,3.379930327441686e-08,0.40776382183707705,0.9930919997791525,17.887043521371922,38.3755712284519,1.0325690862822006,2.5232668289179863,2,-2.1795679695540313,0.625397065605192
NGC3726,Sc,intermediate,17.335527420043945,6000,0.029402070365420613,9.609121876916406e-09,1.2501683608285115,1.9988278155354162,22.566783862212535,0.48938537789262126,1.0381450653076172,0.027677699596576368,0.007007162970937271,0.014868699854106942,3.3042101829666793e-06,7.0194300329925004e-06,0.4207318550097383,0.9870524727340131,3.68307358566473,8.939398772285033,12.11553839868314,29.098406632293585,2,-0.6931893849863918,1.185122953130839
NGC3741,Im,late,15.08642292022705,6000,1.9397896865010684,1.7052929257172795,4.999999899596803,16.63772609014841,47.8885974305585,0.01562411605286032,0.037795066833496094,0.0010344641867699967,0.4843021460157342,1.159867638553989,1.1375180036848727,2.6026033856925164,1.4909971237285054e-05,3.551089272502139e-05,6.28167471113769,15.08611366003597,0.680431207078541,1.5570798118048756,3,-0.4009995612616626,-3.21666293630581
NGC3769,Sb,early,9.093713760375977,6000,0.11831863292049061,1.2792182120319297e-07,3.012598181764082,16.62299613123587,7.748805917960313,0.0003385378157453188,0.0007219314575195312,3.7225714714478786e-05,2.4629341381887847e-05,5.9759650333807146e-05,1.715452685030156e-05,3.730666300391112e-05,0.00014120673743821374,0.00030024026650066205,15.87678401272752,38.888226420213854,7.445361540486942,18.078628540802683,2,-1.4713364298026135,0.24871543710382288
NGC3893,Sc,intermediate,9.35173225402832,6000,0.06374006261016657,3.625129615849636e-07,0.7202635694333432,21.657792155797903,8.523690172477071,6.136662290020779,13.01786994934082,0.44822433397888484,0.33644975255832427,0.7137184928476192,2.012653042395041,4.269481925393228,0.10527133552099492,0.22624475938543354,6.905321704357614,16.629577275781866,11.45599267342244,27.99656036255053,4,4.037583476730481,1.1940377546353684
NGC3949,Sbc,intermediate,19.342864990234375,6000,0.010000050896709575,8.359776704961229e-08,1.9460718182964505,38.31353130210748,10.287028695079858,0.0,0.0,0.0,1.6075328093787407e-08,3.8331450300313485e-08,3.256811856433042e-06,7.370413948096468e-06,1.0450797219257195,2.348029972059496,10.68957638829533,25.432702750259978,2.3256056647386543,5.278717969316748,1,-2.0392090147207687,1.6106595759296793
NGC3953,Sbc,intermediate,10.447746276855469,6000,0.010000000197062679,2.317329844360182e-08,0.6358525688030443,32.032139916921764,12.110851763998232,0.0,0.0,0.0,1.3726820861713777e-10,3.30005004225975e-10,7.472560671568665e-07,1.8301392493033232e-06,0.4599293665594452,1.1258577369879428,20.192848158197386,49.36326413771964,2.8137413242967217,6.053974524383499,2,-1.8994231414587084,0.8993191557167265
NGC3917,Scd,late,6.761587142944336,6000,0.03805981018447573,2.5712606654175905,1.6565321472819,34.3687162928068,20.15484116450012,0.521350394007834,1.2770423889160156,0.07045070765050844,0.8214165778775478,1.755955984221261,3.921963387632158,9.301835756791169,0.5328233357110703,1.1302907673173097,10.469889839906912,23.81343471544826,12.43529356809463,29.008574595999924,0,3.0569257269637373,-0.2126513942457051
NGC3972,Sbc,intermediate,6.687363624572754,6000,0.20994855211553748,11.969827328198505,3.7803436957243104,25.723960566196002,5.000002822076064,0.18007535024264798,0.3987584114074707,0.026356435319795656,0.0751621280363888,0.16419632415680147,1.0847680929415568,2.533167487817874,1.4010670023857055,3.2803348143110345,15.407793572432563,34.015576525870244,7.9455308513614975,16.874111009437804,1,-1.0381720541851003,1.778047972237773
NGC3992,Sbc,intermediate,9.518623352050781,6000,1.9925207285865327,7.728375124782731,0.5296071675724436,30.97869209802957,18.848255282469076,0.0,0.0,0.0,0.8097774072354821,1.9825207284245063,1.1827936406265636,2.884420700399825,9.413027199983518e-09,2.193954196094694e-08,11.276932506776163,24.516533879779942,6.937566640315244,16.98788025948476,0,1.355822630585637,-2.4391924757643015
NGC4010,Sd,late,9.499314308166504,6000,0.18318822792201855,5.685047832185977e-07,0.5397235294729672,22.181063126478058,7.16263555262619,0.12371415020172306,0.2624387741088867,0.012787953794521403,0.017271664544377324,0.03663885179450821,2.2187413291640155e-07,5.253015737405782e-07,1.48576041137144,3.6329394829810884,8.21990928492743,20.115499940728704,2.2658056815025054,4.872667474327459,1,-1.8024136407506763,2.2049748529854645
NGC4051,Sbc,intermediate,21.05459976196289,6000,0.010000000002080305,5.225880653599939e-07,3.4794490500692143,2.8695853874473918,5.186481378479707,0.0,0.0,0.0,4.40171535499131e-09,1.0259445345356388e-08,2.1414389532681771e-07,5.130246173099647e-07,1.402962825689969,2.977468362667945,11.744116625877655,27.285612501026197,17.800835539663726,38.985427909787816,1,-0.9468068863653483,3.4745847223025486
NGC4013,Sb,early,8.555434226989746,6000,0.03918850979424332,0.0015165175409720985,4.914186402978453,58.513127242264076,14.669947384640686,4.49566384116203e-07,9.5367431640625e-07,5.254746345820432e-08,1.3189873781022837e-07,2.80000529304103e-07,0.0007062327605448563,0.0015151413572936537,1.236496491402417,2.780979814866281,10.829319914547682,22.977443322559502,14.48093005928897,34.97470225980735,1,-1.276035762228186,2.6154933528505473
NGC4085,Sc,intermediate,39.21160888671875,6000,0.010000023458126301,2.5191913072463374e-06,1.8393435741466386,39.00811296235078,7.884029396925525,0.0,0.0,0.0,4.3879596674562494e-09,9.70670997052503e-09,1.1712613897183127e-06,2.4938045462397297e-06,0.9245701242527322,2.2521600008481264,5.176118937267453,12.470063753365174,17.492640411958185,40.04451319927945,1,-0.8822421627938736,3.2035125900289625
NGC4068,Im,late,17.33135223388672,6000,1.999999301132402,0.2182495553120981,3.601436319866917,35.25289737662737,49.999902691431544,0.00012914063377358545,0.0002803802490234375,7.45123072202592e-06,6.695900289904389e-05,0.00014267205749618483,7.421512054178186e-05,0.00015804417527093273,0.9658740031510938,2.1098222555622343,12.412798251936088,29.552911172936184,0.008314786587185579,0.017639370328517145,3,-2.512820643350629,-0.5716371737465133
NGC4088,Sbc,intermediate,30.729745864868164,6000,0.01000000000056545,1.5359575820116367e-07,0.5113854926651945,36.516870642837354,14.290396223416439,11.783009948230896,24.99553871154785,0.3016520657285824,0.6958207177046271,1.4760586444526076,4.867082135249513,10.32464042393073,0.02722232130165587,0.06259199418913886,10.06825050888784,24.53609596786692,11.10053849411487,25.272739622701344,4,7.601433047602339,1.3084446508791607
NGC4100,Sbc,intermediate,3.636977195739746,6000,0.05924623505269625,8.512708966100493e-06,0.7743844733764789,38.45070435603251,5.214343434176102,0.4150118763728003,0.8827605247497559,0.10552502917726259,0.0005060260493064319,0.0012369722059144272,0.0007477430098959659,0.0018038872199049375,0.08013799033851648,0.17223801070733313,8.118172676530449,17.280818678527428,11.327248147091735,24.33024565932806,2,-0.5964214404706569,0.8104573447165706
NGC4138,S0,early,6.240718364715576,6000,0.0622563150965203,14.881704928392118,2.7950227721998138,31.549654469170775,48.534343383467814,0.0025020062363333715,0.006119728088378906,0.00040071378732899516,6.0600349100853764e-05,0.00014837827819344507,0.34897220385652716,0.7588498489996436,0.5172895039540212,1.2464843506108565,0.8035371730219592,1.9681416665521745,5.821227614536289,14.202529827100378,3,-1.524740969387114,-0.7176801185755197
NGC4389,Sbc,intermediate,99.3134765625,6000,0.010000000310119514,4.937967615227615e-07,0.5750411371652515,36.06043060673551,16.707232068028965,0.0,0.0,0.0,1.0243649246121389e-07,2.4414114950695176e-07,2.0718971656473038e-05,4.398330486478387e-05,1.5829692393367052,3.384495454291746,23.517907522958946,57.102253472339086,8.006798423458786,19.602565401154642,1,-2.2252562401759173,4.784848391672449
NGC4183,Scd,late,6.474160671234131,6000,0.08282919111346201,1.9129907569471534,2.843120877369757,51.55291971332983,11.788634663810246,0.6498185803126085,1.50911283493042,0.08811310753920246,0.02742539421817943,0.06700612232232564,5.267118112032136,12.7092650273026,0.8796099726995272,1.8752886113468108,12.160406490857635,29.39872122679097,8.779872735452367,21.24599770056395,0,1.0972402477036582,1.135050177530079
NGC4157,Sb,early,17.29313850402832,6000,0.020749099324476716,3.4661866686637657e-09,0.82667273471916,39.00784285277943,5.935307375281179,1.557343637328579e-06,3.814697265625e-06,9.005557118497811e-08,1.6043888533972957e-08,3.6837113984167225e-08,6.248795437924459e-07,1.3436402881200082e-06,0.12023087016394608,0.29380966190328506,10.781708791190407,26.14046455179849,0.33875558584157084,0.8092823620294363,2,-1.9451463742424577,0.09257009125021855
NGC4214,Im,late,6.746250629425049,6000,1.9999972036262652,0.4378366685819522,4.865152187765429,20.949203839405254,49.99987316054925,0.01420034640215705,0.03204059600830078,0.002098724537238588,0.002553580035050977,0.005659622576548395,0.003935911509048915,0.009580128114716868,0.012515326257250072,0.02828509518894151,5.837596295760823,14.00382725078141,0.45083916373631544,0.9825382641543712,3,-2.1959727781977625,-2.5440474022931054
NGC4217,Sb,early,38.62028121948242,6000,0.016609128963141734,10.265515086805088,1.1697137445937988,33.122472202555116,19.78955632609514,0.0,0.0,0.0,4.0123385173302585e-08,8.904221980576832e-08,0.9811852946779799,2.137749850258267,1.0703132166912241,2.500045929445217,7.830359146257271,18.425773874573693,11.631855013744545,27.801730440593094,1,-1.0123402088242521,2.274836811652606
NGC4559,Scd,late,7.6715569496154785,6000,0.08784836634383036,5.997864870894413e-07,1.019381643728207,47.91892343954896,26.111483946311605,0.32163822341871606,0.6822981834411621,0.03957931546766883,0.006368049460359369,0.013508677437427313,1.1617054726250868e-06,2.6744865770676e-06,0.8179240440768256,1.782235672602088,10.196175774290934,23.849462243231127,9.138158377362421,20.360479286954327,1,-1.1929237767308727,1.485898466726543
NGC5005,Sbc,intermediate,22.344972610473633,6000,0.010000003677622986,0.09434100544845345,3.9484205714332434,59.90891202586982,5.0000221054879725,0.0,0.0,0.0,1.593533064786898e-09,3.788301280310824e-09,0.04407998990781389,0.09432944121900722,1.4752969131256644,3.319592808987423,24.196705795487702,52.58301651170374,9.45363875000292,23.128351077456365,1,-1.8620839585076265,3.3552750828070055
NGC5055,Sbc,intermediate,21.403766632080078,6000,0.013602765517067622,2.3833442560718797e-07,1.3496270164598136,18.339384062061164,29.340907206247202,8.996934504230795,19.094989776611328,0.26362828869129673,0.6266570796499984,1.3331153850616373,3.599305439016548,7.657217817268957,0.3888307732757963,0.849627012090867,20.43507025133214,45.114440383023265,10.675961634093664,25.111411192871266,4,5.618001802395033,1.3815236853393509
NGC5907,Sc,intermediate,3.5110979080200195,6000,0.01599120504095921,7.914212145915375e-06,2.1335127761431214,26.356354292325694,5.581677163013476,3.7321499657604225,7.917085647583008,0.4246312601198968,0.34257533727125106,0.7915530996654984,5.40618926533332,12.143792370117186,0.7700452822039714,1.6335127544131738,2.8531625773666995,6.216027323860242,11.300750631434454,27.680754747684652,4,4.353319049157444,1.2658838077383867
NGC5371,Sbc,intermediate,22.52911376953125,6000,0.010000001063955702,9.629092397698478e-08,0.5000000447727986,33.73979280917106,23.031679428517748,0.0,0.0,0.0,2.940030448737742e-10,6.842462360601154e-10,1.934265940989157e-07,4.3111842544622587e-07,8.399787369562305e-09,2.056408598960502e-08,11.54441196953857,25.318591679672046,8.374654350663603,17.994756893480968,2,-1.370708769262457,0.4583474700982004
NGC5033,Sc,intermediate,9.32780933380127,6000,0.033892603451108665,14.868520698707986,1.420992258957566,15.475771628736464,8.269223500070199,0.05026604264461884,0.10704421997070312,0.005348080240783447,0.004571178763955426,0.009697548431749851,5.843490093603606,13.307590391873497,0.08572063111211795,0.18188630134820283,19.917199604029094,43.584391237771385,7.444338934094908,16.543610522009196,0,0.8024428872249999,-0.5518336115535705
NGC5585,Sd,late,9.329136848449707,6000,0.8642154413086791,2.8994469437112515e-07,2.3456018274463157,48.740768564685915,5.697256852862467,0.023507955188474396,0.04996299743652344,0.002515334958024283,0.0010813610073695022,0.0023891185059554676,0.0001991727416419201,0.000423023411122949,0.024123579406708697,0.054317680555297176,8.126953041986463,19.866748064847208,7.944763799360345,19.425079746217968,2,-1.3764340009395504,-0.045479269797325916
NGC6195,Sb,early,21.611635208129883,6000,0.010000001247839854,0.032363702799364985,4.794316137962851,35.889485394836825,14.164808162452784,0.0,0.0,0.0,7.664446363787788e-10,1.8595288607536897e-09,1.6152581463564188,3.9314825095475183,1.5762476693636274,3.8583851219108993,9.95961873477413,21.76588809346663,12.515688579421743,30.652118809144767,1,-0.8517343105435005,3.110367472401209
NGC5985,Sb,early,5.032999038696289,6000,1.7747863691965635,11.75827668842598,0.9057463154716784,29.777973532840758,19.101379136352158,0.0004736183456923957,0.0010051727294921875,9.409633986559564e-05,8.456805609805545e-06,1.9078577438991218e-05,2.3074747151789277,5.641306980045531,0.0017300213922125704,0.003673826632706545,14.588020180107911,33.001938570154735,11.065284667364198,24.902808080804718,0,-0.29605049124663835,-1.0442791354877572
NGC6015,Scd,late,5.065220832824707,6000,0.10709286883510113,4.594995745710404e-06,2.0283225299360126,59.045065207148646,5.273927502678154,0.18681981988051166,0.397458553314209,0.03593739561798418,0.011636001671314386,0.024839057727407104,0.02905002498159091,0.06168978131688645,0.9158505297742217,1.9432762904078933,12.72479929974459,29.59540271944275,8.48784809652835,20.58581450766838,1,-1.310387759047151,1.8752230545116542
NGC6789,BCD,late,37.408931732177734,6000,1.9999999674985434,14.999999979505427,4.769299262632561,28.715207010811625,49.99999941444721,0.0,0.0,0.0,6.346317648601286e-08,1.4106637946653677e-07,2.592179981877408e-07,5.975653909473522e-07,0.9466334638474557,2.209209343069034,16.825670408307833,40.566255594001866,7.598915134652144e-07,1.821543683888649e-06,3,-2.801988185942675,-0.7429278600053342
NGC6503,Scd,late,5.484678268432617,6000,0.1234049596311546,0.18055890096789368,3.4235337653784135,43.67418416140009,46.8690030197682,0.030781984581906317,0.06793594360351562,0.0055873743430349815,0.005876181000881167,0.01385125101338154,0.17390056038894816,0.3957533134852755,0.008998676424493706,0.022028361643180006,16.73761152384807,36.85327088546727,13.185509983066481,32.06810767842731,2,-1.0842621054520323,0.09580829857145447
NGC6674,Sb,early,4.971883296966553,6000,0.02133695044500988,7.220603141502248e-08,2.8622022525783883,34.34059695625671,23.84338415010342,8.99132768232406e-07,1.9073486328125e-06,1.8084347510807426e-07,2.100633429378078e-08,4.4986377269184974e-08,5.155843549355287e-06,1.0960752421890347e-05,1.1718226588699745,2.7279334477279504,10.82123482788769,24.966528993488467,7.751249919968717,18.623850599090517,1,-1.6322468145534301,1.7873876627742284
NGC7331,Sb,early,21.896190643310547,6000,0.010000010949856291,6.033493111693747e-08,1.0278696771199816,32.494360943881375,12.38977953217772,0.0,0.0,0.0,2.8341258751133134e-10,6.860759564630836e-10,9.900747476602842e-07,2.1651009346629287e-06,0.19266633202407332,0.46136960027225304,10.364512283698955,25.38631742494718,3.276409260306072,7.383815473785427,2,-1.769551917151244,0.4210125947739502
NGC6946,Scd,late,12.640979766845703,6000,0.021050604810394273,1.3314375404832767e-10,2.9695061264791507,30.612156405068028,10.72992896880484,0.0,0.0,0.0,9.33143976680236e-08,2.020084382478582e-07,5.530310919767787e-06,1.2233247018709818e-05,0.6683593265969735,1.5514989614294974,12.376782880268442,29.370492249555696,3.1716496566106835,6.7281155109278625,2,-1.9495252671866041,0.8983064193599453
PGC51017,BCD,late,20.448741912841797,6000,0.010000055701968361,1.1304545784183784e-06,1.3172843681936797,32.925661618404995,6.124111994446691,0.0,0.0,0.0,2.211434258792351e-08,5.412187359214726e-08,7.477863853199485e-05,0.0001775456560926565,1.1395915121584554,2.509970183073195,5.333877574606745,12.853888930955016,1.9600012657748862,4.594644019729945,1,-1.9519283599352177,1.7058431503862193
NGC7793,Sd,late,13.822990417480469,6000,0.4345695360488923,0.00147412791841229,0.586771743086517,28.485926649776946,14.256754678363546,0.18537215040239705,0.44868946075439453,0.01321517252927003,0.04389668612751323,0.10587447233096259,0.016027799123365313,0.03471298678461577,1.950418519156212,4.154570400387726,5.536638611126702,12.654957008872099,7.776641749408602,18.996681882007664,1,-1.3311482035311304,3.054258136800862
NGC7814,Sab,early,6.113504886627197,6000,0.10583797956639607,9.928959834996647,1.597518481035988,5.21415245691028,15.66023996440374,0.01631716178691473,0.035729408264160156,0.002659016224302565,0.00150163141846268,0.0032264453524776804,1.4804782460666794,3.3723772232278604,0.0005845438984092147,0.0013788845602982214,22.143104566100355,54.23600692643869,2.540237616410963,5.996322386836834,2,-1.2871732007144638,-0.6928701749784852
UGC00128,Sdm,late,7.236753940582275,6000,0.8050117764872905,0.21545726686329428,3.1911365962998026,15.199707433951124,11.963216023955393,0.05198467532910475,0.12575054168701172,0.007127195977070978,0.33076981594371074,0.7926823221068923,3.984774996133237,8.498227143255,0.01023342959361677,0.022047634600554478,9.56153005161785,22.690207013266836,11.114067308754022,24.81531739148279,0,1.3091500010734884,-0.9311967784028566
UGC00731,Im,late,20.20046615600586,6000,1.6330298709178184,14.97930415176282,3.5720526455637587,24.190861249314782,18.87341560548997,0.0,0.0,0.0,0.15823187115162737,0.3565400670298977,3.554273856302877,8.688076473596766,1.418595982003727e-06,3.2351382057704825e-06,10.457991937347414,24.692652637975986,10.244213080325697,24.98637426446197,0,0.42374704200019403,-1.5493518719021249
UGC00191,Sm,late,5.022462844848633,6000,0.28730568835019143,4.405995103068821,1.6616180104413751,58.14205878736691,36.0807473229175,0.0023424745097783365,0.005612850189208984,0.00046610720728496697,0.05145345953112232,0.1249908471380412,1.8574166705058892,4.528674281718758,0.00015911919026832526,0.00034544067885167173,10.311415157442964,24.5070284361367,7.048145769688427,15.659698751733135,2,-0.6482365194995079,-0.8281615340772198
UGC00634,Sm,late,0.9346933960914612,6000,0.22759376261831638,2.7975740682968726,4.4629943819955775,5.657761780333264,10.853588202914668,3.212047141140252,6.829650342464447,0.9969541857291038,0.09249989705378107,0.20711889222964597,3.297208123387384,7.078413405982019,0.742446036274071,1.575228813927989,11.778697223319407,26.943137524227797,5.148863695989279,11.573616798550258,4,3.162050148289677,1.1038120429427716
UGC00891,Sm,late,2.6980786323547363,6000,1.6080966426605847,0.8178921658663845,4.683688427134381,37.299802610120324,16.337466601520013,1.2602689323405902,2.742973804473877,0.3442671417930614,0.5742226051963144,1.3370171277573877,0.9303718996915967,2.0820672476861684,0.14398443900154465,0.31233752049649866,16.1719997853364,38.11910711994072,13.497880367979628,32.82604283781626,0,2.007404704730438,-0.6099534439658736
UGC01230,Sm,late,6.647810459136963,6000,0.020220617656548895,8.595146032962564,2.4290962477720663,8.735735824503251,33.933476211975886,0.006244504145587848,0.014626502990722656,0.0009384824163652667,0.010557778186291382,0.025578308706145213,3.572181140225204,8.380274706233344,0.0008444296442364388,0.0020681275621576845,20.587329687944894,50.369147800958935,5.090421469296359,11.952931095053579,2,-0.3210836421188994,-0.9924481638671655
UGC01281,Sdm,late,17.848468780517578,6000,0.3717177017617251,6.069188579886454,3.313299283462657,45.8037138675282,45.056010157773464,0.008820544149468498,0.02150726318359375,0.0004938764994131095,0.26060451946201235,0.6214792302542108,2.782197858882398,6.5007049578061045,0.000542661053881988,0.0012595682842331257,15.370425069665634,37.642182747889066,9.30185787212615,21.543775609310337,0,0.23392295929305312,-1.0579723991342957
UGC02023,Im,late,11.747503280639648,6000,1.2391769778637427,1.0492365262205836e-08,1.7633332409565416,28.376373658752335,9.007213954656716,0.0,0.0,0.0,2.7235893254519067e-07,6.104784620042381e-07,2.1132451181967203e-07,5.080198817209724e-07,0.5314317071188185,1.1318751494453259,4.534568362820707,10.383709764852536,1.798256859132713,3.9313249475462095,2,-1.8851223000849695,-0.1774988244902816
UGC02455,Im,late,108.11811065673828,6000,0.010000000130327374,1.9360706224021596e-05,4.932058042989634,21.664525827526067,5.093306705052831,0.0,0.0,0.0,1.6474021956451716e-08,3.555188681468591e-08,8.513203430036625e-06,1.82332232099873e-05,1.0886898455003076,2.65298299430016,15.609514024149835,38.189540818545765,20.67569669625258,44.042326946540065,1,-1.3999144628029938,4.998609853836407
UGC02259,Sdm,late,5.0568976402282715,6000,1.1272756371639874,10.314714577251907,2.6186705374775534,32.62845156090741,20.60885273802716,0.0,0.0,0.0,0.40365643215907154,0.9598263205471136,0.6972848254209993,1.4905825996389002,1.0278530641641682e-07,2.212696621484156e-07,8.927184927440152,21.775855841557437,10.869070255334517,26.153509305755424,0,0.19638844943957606,-1.381775935666616
UGC02487,S0,early,3.8103158473968506,6000,0.017887144739833116,0.10502981270279914,3.58457585736881,0.500463496346837,27.80502882493762,0.3167171749609669,0.671987771987915,0.07437780572932272,0.00142447082699557,0.0030231375882949947,6.7744532295083495,14.388873275201519,0.7345031298107003,1.7985385249908896,24.288674526943833,59.48810669842422,8.376085468621131,20.354136112190922,0,1.1637945879969338,0.7210477144902315
UGC02885,Sc,intermediate,3.6207661628723145,6000,0.010000000020863991,14.99999929063544,2.2675968871788657,52.53113004602132,49.999983705368685,3.146964688813421e-06,6.67572021484375e-06,8.69142776197852e-07,1.666474533702619e-08,3.8327863979836785e-08,4.817862581164691e-06,1.0339821081117861e-05,1.194989137461793,2.7159692291262036,4.2734165806650515e-05,0.00010413776274020847,0.0003069533518799324,0.000658130875194729,3,-2.2309347140967137,-0.16848137872744867
UGC02916,Sab,early,12.976123809814453,6000,0.02041677739210631,11.294320494892373,0.5098547435351375,31.70108475464744,20.08492927244171,0.10246606940053322,0.2173633575439453,0.007852661595811557,0.00406220359422376,0.008617247289950955,2.0678051268320083,4.5885736210990755,1.990088164578856,4.221616882130892,0.969925252484921,2.1743950682096553,5.807573684174619,13.437751362080387,1,-0.8615518114409627,2.302003203442796
UGC02953,Sab,early,12.256460189819336,6000,0.023279403401194054,5.5568524100396454e-06,2.6965702579346296,45.219134639365365,13.580997205046865,0.0,0.0,0.0,2.3279686399312606e-07,5.62129293259217e-07,4.704825529881658e-05,0.00010436397075011278,0.45954037566910255,0.98117555938581,8.646457842272685,20.53298128846543,4.64290591145033,10.778047513454322,2,-1.7578674352002581,0.5938449659027659
UGC03205,Sab,early,5.485504150390625,6000,0.033592373485993046,14.963537668762404,4.550927194782492,57.00814853344115,49.99259867249634,0.00017960289577351123,0.0003972053527832031,3.274050589680174e-05,4.975675850244227e-06,1.1398201956225318e-05,0.6968980321963542,1.4956747404200144,0.8975640699793133,2.1946398695559544,0.3823591912325412,0.8277678551708405,0.22006609973119237,0.53762228190174,3,-2.072488760647114,-0.7821499094407154
UGC03546,Sa,early,24.342832565307617,6000,0.028927260879246942,0.21934834582405505,1.3606107343819729,49.362544410982295,19.682083022720082,0.0,0.0,0.0,2.3516001147852348e-08,5.737820284873463e-08,0.6998162725928156,1.5818821415408084,1.1686475967603662,2.712331732060886,11.847086747759969,28.68774178094363,13.787117636160621,32.73560277149821,1,-0.9508147277299155,2.907473498787973
UGC03580,Sa,early,31.646156311035156,6000,0.09117547679069307,11.907026947695538,3.57886316701464,14.347544494436688,15.853435883807851,0.14378859040421102,0.33810997009277344,0.004523541104978802,0.028036127651402936,0.06473161383956405,3.5672877072023437,8.723604169743064,0.07456923416410843,0.16884282638213977,1.2510033153618396,3.040408084521177,8.77356949162235,21.477914419506046,0,0.1770081710846488,-0.4850298616800894
UGC04305,Im,late,19.148845672607422,6000,0.010000007126401447,1.73071257277885e-06,3.004641773757375,30.612783843749337,15.762632379669899,0.0,0.0,0.0,4.3597436496105295e-09,9.365630663366042e-09,1.2877763191477874e-05,2.814182134197694e-05,0.4808464606442151,1.0851978220165286,15.186044958791417,36.18544760642207,5.0639601267046945,10.762632379313974,2,-1.8650243240278128,0.866595122678325
UGC04278,Sd,late,7.70396614074707,6000,0.4611524653841675,1.6262127932334784,2.394914824347743,36.13250635883452,40.75018480125996,0.07121610054106155,0.15504026412963867,0.009179219193299063,0.08406412788154659,0.19864998821363633,0.466856819655505,1.0390684567712942,0.06083228437568166,0.14595230557154837,5.575780003511866,13.499584277954476,3.2954139209581057,7.26254191300594,3,-1.3333327578866125,-1.219919999473574
UGC04325,Sm,late,7.138055801391602,6000,1.4841072370729262,9.971244327340603,1.8641850340001926,31.48595499314208,19.406126229028672,0.0,0.0,0.0,0.0930326259031457,0.21624550562031475,1.2592388438880078,2.68709758002423,1.50920828393291e-07,3.286133278823655e-07,8.087965744155836,18.09954666218971,10.027657044513424,22.576736052120467,0,-0.5371150330784299,-1.1585023675898285
UGC04483,Im,late,7.394383430480957,6000,1.9160981889709015,14.050803654298946,1.8582624404748467,58.8705957691767,31.911406893207662,0.014405762998528292,0.0337224006652832,0.0019445580594208772,0.15024804804199585,0.35147990531094453,0.38123200681455005,0.9290364682321801,0.006102051812865678,0.013008978223830958,15.03230241781115,36.65835006051168,2.562674955138726,6.259752310218484,3,-1.481648328937948,-2.1590056959407162
UGC04499,Sdm,late,4.843179702758789,6000,0.6904581507230849,5.446116617693984,1.5808706508855785,24.298193878640443,5.890454689032353,0.021125994815777958,0.04583406448364258,0.0043476621607606665,0.29621163117556737,0.6544239018924852,2.3156867828138314,5.140755713341494,1.7515062815663618e-05,3.8522869883372834e-05,12.803994382470375,30.26274849989137,15.733433981921657,38.1797716640526,0,1.0052654780842107,-0.06892915879018141
UGC05005,Im,late,3.5490033626556396,6000,0.10376890672451011,0.845491684280959,3.475154324463352,44.90901112587429,21.36438837777115,0.03563857794324868,0.0845949649810791,0.009906425600757437,0.013729388930475046,0.032081758427129556,0.11266808361693953,0.2649501183788303,0.009661531571696493,0.02249636582143788,16.36629783391137,37.030838622543584,9.391064828229329,20.42462117425493,2,-1.3398534267774966,0.05677620914105449
UGC05253,Sab,early,13.171425819396973,6000,0.029586242547845025,9.240535973053504,1.2123951734951617,32.796008125324015,20.466560750540815,0.002697623115984834,0.005722999572753906,0.0002047494349332814,0.003857852520524926,0.008183748563283352,3.3357295050191658,8.164799271145101,0.6175407819856318,1.415597662484143,3.7951799516072646,9.037491531777007,7.172498234090235,17.555525628941062,0,-0.09753031908292463,0.29305826985505695
UGC05414,Im,late,1.735587239265442,6000,0.23437461827226352,3.0116628414926994,4.290186151874078,32.18812390868344,48.791182558441974,2.6093529631739014,5.656979441642761,0.7042305084364885,0.030003596125138143,0.06978846698549718,3.7019899141332857,8.446515086707286,1.5195347851020222,3.661756303991968,2.023546157523601,4.924708096746272,9.346158197429151,22.89312623898633,4,2.4816612621633776,1.8664554238182447
UGC05716,Sm,late,3.2386319637298584,6000,0.38666796005190607,12.051988830583563,3.9154518913313012,4.987520524494267,8.428179074122932,0.3267976598480268,0.7997643947601318,0.09005929967042275,0.06317010382108516,0.14159034261462194,3.7750993238586936,9.19700322743919,0.006285373168356601,0.015293772189187482,13.14887943043346,30.441587637521778,15.830454272899368,34.65809939182628,0,1.1417834371344273,-0.2764199816066159
UGC05721,Sd,late,4.357563018798828,6000,1.99997872122782,1.6317400912606659,4.996299462169222,29.65462174397092,28.628410984297652,0.027874516107712764,0.06459426879882812,0.006340525377658937,0.7004626059195697,1.6778823904600113,2.40035848962692,5.707122609451606,0.0018174294590228778,0.004149515217497957,17.897049344832567,43.76767746383132,5.85346961304846,14.33520804284867,0,1.0852953662002964,-2.7072173056235016
UGC05750,Sdm,late,9.835042953491211,6000,0.011297472658232936,9.959735913346806,1.5271353390827174,43.65697945412187,48.70442578976017,0.0111603354119013,0.023774147033691406,0.001133830781085227,0.007116585320056586,0.01555939098265257,1.6923052250221124,3.9083421469229505,0.00025806968059542955,0.0006262125886544734,7.247087928897869,17.602556861859455,8.375806723676138,18.165817256341512,2,-0.7523079350474114,-0.9293698931914566
UGC05764,Im,late,13.208073616027832,6000,1.9999994979014182,14.999999740755058,4.999998687167821,50.065585231035165,49.99996766216697,0.0,0.0,0.0,1.572360576652026e-07,3.578835114925738e-07,1.2069166575618694e-06,2.60950061381493e-06,4.947280368081309e-07,1.1806923421175952e-06,12.735317886919324,30.38635612568617,8.710395124221361e-06,2.1160462587488382e-05,3,-2.504911810369684,-2.79468737673833
UGC05829,Im,late,6.256515979766846,6000,1.3306518409285397,8.570437409227953,2.064195992158366,32.16519348680047,22.071471624324346,0.0,0.0,0.0,0.3199747158762592,0.7042028720065774,2.7936655200360865,6.375287845904801,9.541871341943428e-08,2.289135969668621e-07,9.32555848172238,22.076580716832712,14.302927247549023,33.87184160095983,0,1.0240771006333826,-1.111809913465898
UGC05918,Im,late,6.028148174285889,6000,1.9991709877499908,14.28122151259099,2.888342025191147,33.98571675526483,31.83197719967786,0.0,0.0,0.0,0.24803944368447167,0.5551081941748106,1.2276162891435294,2.847461606358335,8.945502745487878e-07,1.9035740601580642e-06,8.250227041774014,20.204512246344702,5.686392909718643,13.562628234082489,3,-0.568264459720083,-2.495075584494962
UGC05986,Sm,late,2.0996601581573486,6000,0.8275429144478526,2.4280014620463097,2.6592361414114736,54.93546072740201,6.404091538446822,0.45783614014937535,1.0372447967529297,0.183487124775487,0.2835620322157216,0.6942652311689603,0.6957538579234578,1.551033206643694,0.09795048826833375,0.21205606165374213,18.256221839796222,41.19597539140514,17.293679548740172,42.36065068531191,0,0.8927042867997736,0.6794367952810192
UGC06628,Sm,late,16.663469314575195,6000,0.01000000000028691,7.73630681400365e-07,1.0138968130010644,17.933818910240067,14.211366357990753,11.726895072165512,24.876501083374023,0.46990967937199285,0.8671458450394156,1.8394941219343732,3.594873020065571,7.625877516368837,0.8862831799027884,2.083604613243328,6.053022664155336,14.138293950489027,11.55745649258739,27.189173418874795,4,7.993536132016685,2.2909515519427206
UGC05999,Im,late,4.051951885223389,6000,1.072008886242348,3.6985730802582877e-07,2.249314888077264,44.92074114230106,5.29343584742097,1.6117202544999878,3.670529842376709,0.2947772150317674,0.49117488655434705,1.0595374234244006,6.991059896192765,14.830728917516932,0.06574010248316402,0.13949823373444836,18.487667285712625,39.47088079242482,18.657256849260566,44.58020350600691,0,4.589826985206909,0.11690208588591264
UGC06399,Sm,late,1.7767183780670166,6000,0.29630430435262267,14.824086996604096,2.1132763581032554,35.248983493819885,8.701718082098315,0.3556299640136715,0.8568065166473389,0.16466365183871906,0.05470228530022756,0.131778332095816,4.655578279046644,10.264168151615426,0.10268053259958605,0.22450853278167404,3.645511409102116,7.9559311957100824,16.242834286161806,35.818414846591274,0,1.750655344789932,-0.19071108340899515
UGC06667,Scd,late,17.776330947875977,6000,1.9608187202450713,10.032261526586257,4.999999929938677,32.84385257437574,21.787292723487134,0.0,0.0,0.0,0.04411561000405509,0.0981868052800714,1.8328229469366146,4.489271001079365,6.76048017397173e-08,1.4362654443544898e-07,13.485638414765958,32.70741485457822,8.274276221089355,19.792693222081468,3,-0.8911817730580833,-1.4894690709107383
UGC06446,Sd,late,2.8596813678741455,6000,0.8249405790672998,11.95492824760097,3.1052393192905763,29.695092123072154,10.743420556487392,0.013398476360993629,0.032441139221191406,0.004656555624112696,0.4824169166301791,1.1393252712494686,3.2891688619259614,7.193444874412433,0.001356760126158884,0.0028848178327982588,16.08400892918484,37.85933214087146,3.021908583426581,6.542681350016226,0,0.7184601445905995,-2.179072300550252
UGC06614,Sa,early,11.799595832824707,6000,0.02529106783793504,1.2186040207843774,2.6528631802319356,10.952837072010661,13.904485676344656,0.002444068422504646,0.005187034606933594,0.0002070708802547789,3.470427208371682e-05,7.369259723571941e-05,4.346481018044132,9.981947194517186,0.589292867342255,1.3081045165334069,14.900698521553075,36.41253432601381,3.9516382664026346,9.648625824786272,2,-0.14100110662264084,0.3350802047416596
UGC06786,S0,early,4.072301864624023,6000,0.05700144872734146,14.625050004807045,3.2625441832846556,15.65181619350056,41.07401039279666,0.28819599162850607,0.611356258392334,0.06433129263364316,0.025825525233413874,0.05478457362932475,2.03013893897535,4.920736755516291,0.20989684943331094,0.44525905867112714,18.99444407905512,42.26986604742366,13.835915144305037,33.64402915029197,0,-0.021304037127364447,-0.1273481507982319
UGC06973,Sab,early,38.69980239868164,6000,0.010000001320368187,0.001023723631695226,2.7841331476193307,58.97967688868035,11.064257353770923,0.0,0.0,0.0,1.3468236659443904e-09,3.2609187659154992e-09,0.001382236155767941,0.003306783598877783,1.1670661956723556,2.68612415549347,20.89226379787439,49.20644720333332,10.775490918794285,25.25856010562914,1,-1.7458248978639097,3.232713941661624
UGC06787,Sab,early,10.665451049804688,6000,0.08061488188145274,2.822592291903348,3.9520493745657483,7.26032054278157,30.17653421884253,0.037746137155586966,0.0812225341796875,0.003521484201782141,0.0008381987623606848,0.0018093666910477535,3.4664957766734403,7.997561842565698,0.01814237265407836,0.043812109246421205,18.404250765040516,44.99837956599498,3.62571025706743,8.53226372166149,2,-0.556903234006642,-0.9307073756641001
UGC06818,Sm,late,16.355037689208984,6000,1.214135430249747,7.390131132579357e-09,4.914606517294215,5.422512129670671,38.74758870085359,8.99132768232406e-06,1.9073486328125e-05,5.497586956332641e-07,1.8772518254978885e-05,4.0425966353563325e-05,7.657180372157738e-07,1.7024934784687176e-06,0.9255020476635586,2.1212151502367576,7.975295353012542,17.134804919011167,13.989617226772578,33.00993101742718,1,-1.2849102436258244,1.0081177722366312
UGC06923,Im,late,10.151335716247559,6000,0.0946491836817684,3.3293534457802014,3.138564508517426,48.237766382903565,48.427210133893745,3.6227678711437252,7.686114311218262,0.28494134822990846,0.8528534820135449,1.811612780758046,2.6546114696464875,5.654277028054702,1.0789006082593127,2.638564390395612,8.004282671897887,18.37966037568919,1.3393615757231436,3.279154411055792,4,3.0379399942329353,-0.30838812817009026
UGC06917,Sm,late,2.629192590713501,6000,1.025273265706641,0.19822776515074453,1.245855447665971,40.2876501951193,16.868929063061504,0.32086418476256806,0.7468204498291016,0.10440369413891616,0.45204341803823656,0.9775487173689295,4.152086666433407,10.167565053944031,0.10889770984840375,0.26464604841343786,5.127054941270007,12.478455348757674,3.2731910578606187,7.9000933864738805,0,1.605179233593859,-1.7466900063544217
UGC06930,Sd,late,3.935049533843994,6000,1.9997903883327297,0.006183125770677009,1.072043546570788,22.791481610083668,24.169588314194396,0.4946197050087919,1.0735869407653809,0.10673849173000832,0.9173770030337057,1.9492554241049993,3.378659752217018,8.264632833479416,0.00043815052417461024,0.0009363200835461605,10.261196925417178,25.063732740997985,7.93952787015508,18.181873754081973,0,2.8899155562125745,-2.511695236388122
UGC06983,Scd,late,3.478825092315674,6000,0.13644788368143798,14.697495751526388,2.270679153898881,57.6527085408191,6.860733009531774,0.19014252663048953,0.4562814235687256,0.05092273667961387,0.0487621678729702,0.11897887522825584,1.4023220964234209,3.3221413368167436,0.039989455110756474,0.09168488179186429,10.306037841666798,24.650813345170356,15.34433200202801,35.763805306655385,0,0.017355043389080168,0.26634813318093414
UGC07261,Sdm,late,7.017272472381592,6000,0.04984166241501206,14.346333640206606,2.5000955039713832,50.986648783020755,32.367320413311205,0.8221639139203796,2.0124011039733887,0.10275531020733643,0.02949719439473713,0.06610853125250984,1.8865520344730546,4.563394443501341,0.47591102494523846,1.0360435737131193,12.70958209519332,30.915714469202868,5.974236790272082,13.011538294497125,2,-0.4096759939092264,-0.1631801882263226
UGC07089,Sdm,late,2.3434126377105713,6000,0.3643519779238103,0.5705916211775611,3.8551285522655867,54.834158939738074,5.000000850081723,0.006558209084702277,0.014946460723876953,0.0027876602807291313,0.008210638802006426,0.01932239239948702,0.21518144232658848,0.525105464429167,0.4697575287631993,1.1493635187302145,18.11404837641968,43.95773776475299,14.494609364673677,32.099511406865126,2,-1.0661851377389475,1.4925665670326926
UGC07125,Sm,late,4.210829257965088,6000,0.07399611296785794,0.6698450469190407,0.8669277223971321,32.6499943147286,35.806662704642555,0.4988350044515064,1.1299099922180176,0.10747232970620176,0.023226170180161272,0.056665590041204444,6.636956180118512,14.257131470121866,1.5071176698353042,3.197436156145687,5.247092814159836,12.675905600702059,15.009532004451067,35.688601530993,0,2.0533058147707677,2.1278853056344174
UGC07151,Scd,late,2.5320215225219727,6000,0.10808210416892683,14.391876728193342,0.8563478388870701,49.201506911755715,17.407108158589722,0.04189119576781894,0.09570765495300293,0.016305194332134943,0.07277779384248217,0.16110735167973078,2.1868098985151274,5.35533662495598,0.00508804636663156,0.01206707553274522,9.377343462409717,22.579358909861188,2.9805498248959577,6.777630823607037,2,-0.5990477565855257,-1.2382390545231634
UGC07232,Im,late,6.104127883911133,6000,1.9999929151607818,7.069427559801101,3.89449042199575,55.774711850617585,49.99989950654296,0.0020677014108448385,0.004597187042236328,0.00033864473997503554,0.03492862703980879,0.07409786288185494,0.13409227749064073,0.2890041846833533,0.8753831856767043,2.140160934447654,13.277909334006726,28.2435536209185,0.02393115069063402,0.057934074799625535,3,-2.387437865376004,-1.1261121585065401
UGC07323,Sdm,late,2.757019519805908,6000,0.4144630257474262,0.07025725440476699,1.9487683789383334,10.71116175388654,35.37945869620006,0.45320677174718127,0.9646785259246826,0.14710788707156067,0.1569698116280546,0.33912610994799186,0.87246208586463,1.8953586127763917,1.2506338419749814,3.048626584962606,5.450008378545169,12.41245861201671,12.301243579852168,29.49304839571507,1,0.10945671453653207,1.6877000110439242
UGC07399,Sdm,late,2.3246347904205322,6000,1.9323303896103938,14.344227802146627,4.99999834002628,57.50061194204119,6.790744592650483,0.0019794855584168015,0.004594326019287109,0.0008508483681508465,0.05519266361099618,0.12119521601186767,0.27280366713758747,0.6058858310921025,2.431566476569175e-05,5.234887730320992e-05,24.985034684395924,53.67009732701156,0.06937866233168148,0.14849465295837838,3,-2.216550085688155,-1.9876507223174562
UGC07524,Sm,late,4.13114595413208,6000,0.8269769329044488,8.308375596061845,1.875287242049744,50.550094089925764,7.320302129964268,0.021753308681175903,0.051863670349121094,0.00522839882052093,0.3249054195366669,0.7540693204274908,2.1439719258675547,5.251299929825702,0.000191747096671255,0.0004109837089374402,8.542930733792454,18.16162710262595,15.750193130211867,37.555296866475985,0,1.041598118241143,-0.41505090374458176
UGC07577,Im,late,14.971935272216797,6000,0.010001033734510561,4.850016811040244e-05,1.599570536175184,13.548820061331252,5.737719744496058,0.0,0.0,0.0,1.145795432661681e-07,2.8013184715305894e-07,1.957696998237367e-05,4.618633736676596e-05,1.6522422293068324,3.6210097154168137,20.699928989094424,46.29260683366458,8.136446530450902,17.83009197445206,1,-1.712292355264768,3.283151663653361
UGC07559,Im,late,5.411686897277832,6000,1.999815972283642,0.8217153435985967,1.0208771305287896,41.99469113846666,49.99676461124884,0.14425693363754205,0.3176236152648926,0.026106071850537864,0.39535178573159097,0.8469915808938349,0.3554176923134857,0.7810465332135479,0.04091424969198905,0.09979048147706981,5.7914952158537325,13.522550547661378,1.1630492108600927,2.510040972079395,3,-0.6495552795939115,-2.6511527342692918
UGC07603,Sd,late,2.846679925918579,6000,1.999985200561842,1.0571648878956472,4.939719186159913,12.722223994776192,49.99855631621881,0.0019566821003302436,0.004446506500244141,0.000686943965861182,6.82858332943966e-05,0.0001647633391341774,0.0018749808792187933,0.004075374543175414,0.025443989519940136,0.058137110261357705,24.080685723935897,54.286772054146965,0.03319291048924275,0.07558813831585809,3,-2.444666005057017,-2.2336729411608625
UGC07690,Im,late,2.521507501602173,6000,0.1911072862260565,3.90293757402862,3.2469602214992976,4.854881295008232,43.81868422437825,0.022050014953245385,0.05267190933227539,0.008666120825558413,0.05045621844979151,0.12158498485255875,0.6922143887544545,1.5678897805832372,0.7966012320626147,1.9391313641835688,18.768912044799606,41.14858317213288,8.628155717090635,19.283617174571944,2,-1.200693796944208,0.5838658730457539
UGC07608,Im,late,3.81491756439209,6000,1.999913747543735,3.1000659886089315,4.9999998113634545,1.8785575314461345,49.99890953127599,4.2150145202112e-05,0.00010323524475097656,1.104861883851329e-05,0.0008904882424633306,0.002166836330817823,0.0013691873890019197,0.003302671120837708,2.668365242477736e-06,6.468540699522407e-06,9.155126271110722,19.551079014489943,0.000712316764080742,0.0017299659277369983,3,-2.2377081638926994,-2.751889528929299
UGC07866,Im,late,4.303109169006348,6000,1.9999998213148529,14.999999411916619,0.9097696384527058,10.839241160469571,49.99999250308982,0.7083559013848144,1.5026497840881348,0.14745150240180457,0.00019841528582261925,0.00042091550316047943,0.5805766236272174,1.2315892436662725,1.077055811871341,2.2847804090608053,19.90232968915507,46.45857152355581,19.592050903436338,41.56101972081362,0,-0.1136384869809001,1.0469070011779278
UGC08286,Scd,late,6.332961082458496,6000,1.864602375327408,11.400561907197337,2.7492976283018735,24.047830512116807,7.13521571640453,0.02186468429196094,0.051751136779785156,0.0034363209124910307,0.5279539569448348,1.268415886790332,1.4051904962907205,3.3451078045595093,0.010392600426081117,0.022477917578338058,4.159643917891044,10.18120144320476,8.832811215591587,21.4540328942441,0,0.7788886260402791,-2.1277017990449236
UGC08490,Sm,late,2.6109583377838135,6000,0.17474832307547844,9.083546128350449,4.999999977107595,29.114813467834992,21.851265217640538,6.924481181065226,14.769595861434937,0.9125197634314288,0.8834073809444993,1.933548875786871,2.7734611305336654,6.688532066643632,1.1375647744494024,2.479418147255829,11.872187901437988,27.83940385310859,12.963153882168935,27.836600974915115,4,6.748839155859854,1.4264488295921096
UGC08550,Sd,late,5.5368266105651855,6000,1.9999932451502827,0.8214377655696166,3.6927692793354896,8.575309583712151,49.0700857345858,0.1397866118083625,0.29702234268188477,0.024801739305345148,0.7800542745111269,1.654886298421678,2.2760411325422334,4.8284010071416725,0.057295650230322445,0.12505640287668163,7.101748219409574,15.924522013142678,0.3842086115572443,0.8305095659156976,3,0.9358524823962113,-3.6931165212400185
UGC09037,Scd,late,19.589460372924805,6000,0.018995783282127247,4.0852779202631774e-10,0.5000014940952456,41.01536098309466,27.96080649783368,7.188838469680519,15.24983024597168,0.2913676844611467,0.6096214934249617,1.293202498710747,3.453509417203428,7.325999790713516,7.028196985126226e-07,1.4918528609131343e-06,6.088481157999857,14.828052499238847,11.360829246082895,25.975570356174263,4,5.202167018419246,0.4218645021349728
UGC08699,Sab,early,7.338241100311279,6000,0.09139693759644275,1.7982197515067033,2.312644217936025,50.46620158632072,18.618874916834876,0.005491678220375896,0.011650562286376953,0.0007475731839167187,9.465612355551557e-08,2.163603952110016e-07,2.8355981319917993,6.709227587988685,1.0674502582368113,2.493360768539978,14.801513078111073,35.05791577772629,8.167963040152092,18.524842988025718,1,-0.5436356610962996,1.5768032925848814
UGC08837,Im,late,13.541168212890625,6000,1.3202155003280767,3.045137906647608e-08,2.4330149123360463,52.17805721608334,42.20018805727986,2.0539530568859514,4.357355117797852,0.1369868699910288,0.6040189432066333,1.2813834071783876,3.597567297153984,7.63168222937702,1.0529622613050256,2.5163395520416025,16.50096876018437,38.98341291470796,18.831685553626528,43.1892286816815,0,3.0259882588849782,1.2392246409125445
UGC11557,Sdm,late,80.70360565185547,6000,0.010000012513043574,2.5156399715434042e-05,4.04873252752718,37.15992423575216,5.1693972496372504,0.0,0.0,0.0,5.708144619843902e-09,1.2502445370654591e-08,1.0375949240169733e-05,2.5001488444195572e-05,0.9192240471092041,2.2313690157316914,23.78670462658482,57.837471375125794,8.467805125379263,18.219975504839223,1,-2.2105053565068644,3.4152292526177197
UGC09133,Sab,early,11.183357238769531,6000,0.01644284706239318,14.997656465868564,2.8894194330218532,39.79920219670377,49.97617348836691,0.00017263349150062197,0.0003662109375,1.5436305859281993e-05,8.196764222710092e-06,1.7396329454723303e-05,7.069259896448867,14.997656417563741,0.5236823069673426,1.277364297242328,11.059370011947497,26.309581401611837,17.16850257181775,40.654435244265834,0,1.677749308796111,0.10074108570978282
UGC10310,Sm,late,2.460009813308716,6000,1.0585176051932028,10.437989948933403,1.371730148578095,32.46735085673641,20.10973069265287,0.0,0.0,0.0,0.2807056224737347,0.6290010807519935,2.9148633328082076,7.022541001575476,4.083666760086155e-08,9.966414582507355e-08,16.929523147600193,41.44308318238683,13.139079160098882,29.740235781366433,0,0.8568732726470568,-0.9331630025933976
UGC09992,Im,late,4.555155277252197,6000,0.5783045802109599,14.83370590467444,0.5000296321650769,13.908670791539702,6.381129193325835,0.35428620835080676,0.7895431518554688,0.07010149734020094,0.12339885953853867,0.2997393821106221,1.279007888771803,2.7867812803945924,0.00428020202705715,0.010249050758903033,18.113849174278922,44.36214620187262,2.349630986103598,5.133364081011932,2,-0.6692490231533945,-1.0651116374555414
UGC11455,Scd,late,22.455150604248047,6000,0.010000000008187902,5.512332587494796e-08,0.5854694382291089,52.96819302302129,20.19613879979304,0.007198007418202418,0.015270233154296875,0.0003204777418181278,5.459430653838499e-11,1.3089174882852106e-10,4.5997359127485786e-07,9.921134855361036e-07,0.24736030741935144,0.5247326818462005,19.30692443673148,47.291920260497655,6.810254879933901,14.715143214724124,2,-1.6794087111363005,1.0094701806178294
UGC11914,Sab,early,7.119295120239258,6000,0.010000001347586225,14.228600802932284,0.5576196326792378,45.38591763839167,22.556442094914445,0.0,0.0,0.0,6.159580587944869e-10,1.4973812554469612e-09,2.9518163497136283,7.201674578993497,0.3297449852341522,0.8001166355038425,0.6754582031954329,1.6539271024065059,5.941007852520975,14.09202687061472,0,-0.2596255244546988,-0.5573518723225327
UGC12506,Scd,late,8.216172218322754,6000,0.23954123015774303,10.17823359609431,1.36035625555957,32.37449219206589,19.984136364956893,0.0,0.0,0.0,0.4219110370766452,1.0302961454858897,3.8712928342767987,8.360730909297272,1.0500263109915218e-06,2.2458769766142694e-06,8.2922226096392,19.37987052535964,13.075196467381144,29.35999719911028,0,1.7188747299889549,-0.9591781445805677
UGC11820,Sm,late,8.642030715942383,6000,0.3487697496803616,10.29269807977142,2.541920624860728,31.9906449326228,18.534773642299772,0.0027201373970590103,0.006642341613769531,0.0003146303208934023,0.08301316818006295,0.17742381150719264,1.8805225172714666,4.59369204734627,5.23472014569314e-06,1.1424276522564725e-05,8.45588953851457,18.253150979438633,12.76196231687263,31.033332732411854,0,-0.04128646221096478,-0.3659917568706951
UGC12632,Sm,late,3.734675168991089,6000,0.6103997177244065,9.9801217669859,2.34353079553383,33.10630199583848,19.882665990456193,0.25270295038565815,0.5360639095306396,0.06457436772936713,0.5148789003388348,1.2547348329992025,3.6693787996621197,8.42734629662218,7.14981822905936e-08,1.555340203296396e-07,16.77534985580927,39.243035306404664,7.224112980492059,15.98538439097398,0,1.576038411174255,-1.69594903305738
UGC12732,Sm,late,3.7699217796325684,6000,0.13168155906314277,12.085581255643403,3.0146533473831605,33.58921695847345,16.2142180332939,0.031271476993692905,0.06747770309448242,0.008244098095703107,0.0883043596410853,0.21111801638051797,2.379874755935873,5.266451267797978,0.002420486871424037,0.0059275163114276275,9.557230450204305,21.28934076976781,8.156703618505595,18.468798605355857,0,-0.23154267854440372,-0.9030068461875327
UGCA281,BCD,late,10.72383975982666,6000,1.9997318821004921,14.999907395071178,3.13816547337679,44.15228005910394,24.53280095107235,0.00872090391638246,0.018606185913085938,0.0008127504001175196,0.14261828121199357,0.3026042963994142,0.32299900209996196,0.7003609131758104,1.1524269280476693,2.819987962804713,6.681812163331953,15.186176000111367,1.977251640627039,4.212833535930077,3,-1.7564708588628466,-0.5535011268721842
UGCA442,Sm,late,10.320919036865234,6000,1.9996553860321846,2.915724953792715,4.999999981439349,6.68070758031399,12.4853585894677,0.05931685677327745,0.14228248596191406,0.005703237661207802,0.5032385408890072,1.2313092898493734,0.16091166872608637,0.3606020375604251,3.770482313059937e-07,8.292659634534516e-07,20.96463039671628,49.96164855122535,9.560259223787485,23.033386800820814,2,-0.03075415246763817,-1.4814773869038376
UGCA444,Im,late,16.922914505004883,6000,1.9732126176335467,7.003285437609283,4.987299235497639,33.63193930490591,24.831091692549357,0.003370012827518198,0.008047103881835938,0.0001990979453183369,0.17844230905824393,0.41803591055769584,0.47063310362578803,1.0962466275124667,0.2731968233827337,0.6399347725461997,15.138287472352161,32.43043177722304,1.0044243660949679,2.3142372198237027,3,-1.6855807884211285,-1.7475082738262362
