R_kpc,Sigma_bar,Sigma_eff,kappa_bar,kappa_eff,kappa_bar_mean,kappa_eff_mean
1.0,3.585309862243731e+17,3.3446725738791565e+17,49067610.076968305,45774311.285755135,0.0,0.0
1.012770170667932,8283927385.553028,3.336861246178654e+17,1.133716566985538,45667407.50434758,610899.5624403066,1145724.6309708266
1.0257034185947522,7102635368.009298,3.3463025659649926e+17,0.9720480408861037,45796618.929771796,595590.8680959176,2263036.4718607706
1.0388018263048886,6717909013.776394,3.358250289494797e+17,0.9193954014737326,45960132.33920999,580665.7963720984,3356019.7182697454
1.0520675029169615,7206489258.160509,3.357722565664384e+17,0.9862612118049678,45952910.0493288,566114.7368154695,4423558.26112506
1.065502584483396,6689726655.270456,3.370952003393549e+17,0.9155384378322322,46133964.66300895,551928.3166928263,5466538.0521582
1.0791092343343718,6363855440.239047,3.3710096682028864e+17,0.8709405583494738,46134753.84845971,538097.3970084441,6485645.600335489
1.0928896434261632,6704127276.259804,3.3701455386037984e+17,0.9175092690371237,46122927.59749308,524613.0706418916,7479075.724386751
1.1068460306939307,6319808773.654806,3.383323891548454e+17,0.8649124471284448,46303283.078215845,511466.65208887187,8449738.066839717
1.1209806434090153,6858831070.342238,3.3825454538935034e+17,0.9386816243902925,46292629.58471321,498649.67397191696,9398187.404936627
1.1352957575407967,6299322392.134881,3.391422463980246e+17,0.862108734704887,46414118.01564983,486153.88041903387,10324268.486411035
1.149793678123172,5979882187.1486225,3.394218599238256e+17,0.818390986383509,46452385.189153396,473971.2213095771,11229137.68299185
1.164476739625714,6328903632.390817,3.3930714755299066e+17,0.8661571456323682,46436685.95505816,462093.85127345205,12111609.961450962
1.1793473063295716,5941698992.199449,3.4050163185410464e+17,0.8131653345061385,46600159.94247369,450514.11984604615,12973833.904684812
1.1944077727081661,6572238703.203557,3.4039191039731296e+17,0.899459344972034,46585143.75177947,439224.5689114075,13816297.047704848
1.209660563812754,5929410441.551139,3.408832977211949e+17,0.8114835557065649,46652393.73164568,428217.9262837275,14638309.657860627
1.2251081356629099,5615261824.002181,3.4139665128134976e+17,0.7684900001580236,46722649.95297418,417487.1008739109,15441446.344422076
1.2407529756419973,5977874028.438427,3.4124734202767955e+17,0.8181161550513495,46702215.88026787,407025.1826210443,16225074.025678137
1.25659760289769,5583003855.336574,3.4232211190757856e+17,0.764075259203476,46849306.06609731,396825.4327436485,16990664.813682854
1.2726445687476078,6429452514.444973,3.421748468440781e+17,0.8799180018146031,46829151.75589418,386881.28233488934,17738647.5932877
1.2888964570901316,5579645479.218387,3.423030391090703e+17,0.7636156406594992,46846695.81293583,377186.32543670665,18467856.73279504
1.3053558848204656,5269379125.768866,3.430155570817642e+17,0.7211534015894944,46944209.15320567,367734.3154728121,19180240.381975945
1.3220255022520122,5653169495.687486,3.4282629363200986e+17,0.7736779446444068,46918307.05405333,358519.16647800704,19875659.642531414
1.3389079935431292,5243167852.41341,3.437825985087431e+17,0.7175661954900432,47049184.43037272,349534.9426929385,20554979.944338743
1.3560060771293334,8291932039.896666,3.435943944686916e+17,1.134812062976751,47023427.319252685,340775.8619075887,21218581.617879055
1.373322506161028,5249818568.848328,3.433895371229799e+17,0.7184763950914712,46995391.0804142,332236.27757665096,21864879.698971316
1.3908600689468165,4941626393.548689,3.4426955812940416e+17,0.6762980226009228,47115828.44639334,323910.68361029925,22496151.554083556
1.408621589402479,5359725668.129124,3.4403578607975494e+17,0.7335179923296687,47083835.01703908,315793.72346957657,23112700.22732783
1.4266099275056823,4921664131.3761835,3.446465069187412e+17,0.6735660397760918,47167416.66868049,307880.16869512934,23714454.187317163
1.444827979756496,4664873899.72977,3.4463662760443936e+17,0.6384224024277837,47166064.61164605,300164.92094309675,24302152.16562996
1.46327867964379,4939948708.483787,3.4435897531424755e+17,0.6760684190247759,47128065.84770216,292643.012003271,24874626.873458456
1.4819649981175873,4631405445.435895,3.451505269854531e+17,0.6338419975861699,47236395.53258519,285309.59683779406,25433648.6154214
1.5008899440674506,5110375359.850561,3.4486842639915155e+17,0.6993925633729439,47197787.98650696,278159.952287539,25979523.57246222
1.520056564806975,4618006524.459916,3.45134954581699e+17,0.632008256416892,47234264.33426558,271189.4728535752,26511698.54608685
1.5394679465644705,4366708471.29526,3.453001450644967e+17,0.597616264205463,47256871.87032182,264393.66754289117,27031276.780904293
1.5591272149799098,4650461460.3863125,3.449726473395466e+17,0.6364499537939572,47212051.39095915,257768.16047678379,27537551.06363108
1.5790375356082207,4338128869.420133,3.456512555926038e+17,0.5937049348787248,47304923.93597032,251308.68398200566,28031751.484548654
1.5992021144290085,4949962055.573248,3.453178005950821e+17,0.6774388194348635,47259288.159913935,245011.07802634075,28514148.43418499
1.6196241983627848,4331766490.192663,3.452648061993204e+17,0.5928341963509818,47252035.48595433,238871.28569805785,28983797.22702713
1.64030707579379,4084871093.5598254,3.455793934125611e+17,0.5590447401610025,47295089.06655848,232885.35084164742,29442129.517889563
1.6612540770994935,4382572751.146911,3.451990785846084e+17,0.599787407921966,47243040.17705805,227049.4194676703,29888856.050077736
1.682468575186852,4061215502.3694386,3.4576451019998637e+17,0.5558072980171771,47320423.66438428,221359.73245220992,30324715.64721714
1.7039539860354205,5287372753.781407,3.453785780916191e+17,0.7236159623084077,47267606.00862469,215812.6266284058,30749950.35516043
1.7257137692473958,4062589327.3029714,3.450300255918976e+17,0.5559953160929995,47219904.0280294,210404.5274174877,31163269.905663773
1.7477514286046854,3818721210.0520153,3.454693406479211e+17,0.5226201654163831,47280027.53394141,205131.94892640618,31566396.163002986
1.7700705126330893,4139217509.9738812,3.4503382256681517e+17,0.5664824481197133,47220423.672054276,199991.4977448846,31959417.348210666
1.7926746151736876,3800034608.287871,3.453501096014945e+17,0.5200627661280193,47263709.885760605,194979.8626771254,32342393.419003878
1.8155673759615252,3596367493.8428545,3.4504324662582086e+17,0.4921894192178157,47221713.42404337,190093.81479019774,32715781.75478917
1.8387524812116836,3810083810.16494,3.445605686895379e+17,0.5214380735302647,47155655.38811265,185330.20790733382,33078457.438716523
1.86223366421284,3567286077.1102686,3.4496618924712877e+17,0.4882094128263254,47211167.553375304,180685.97366500832,33431922.248873353
1.8860147059284065,3927364795.0106735,3.444737120371746e+17,0.5374888413996057,47143768.41456083,176158.1209298767,33776370.76469587
1.910099435605342,3552508820.488741,3.444867003939481e+17,0.4861870362570136,47145545.96699058,171743.73302081897,34111370.922259964
1.9344917313907428,3351315298.585184,3.443113450743863e+17,0.45865221873193185,47121547.29804486,167439.96563516173,34437695.735464886
1.959195520956306,3551449218.1516004,3.4396250074305254e+17,0.48604202186129014,47073805.37814081,163244.0476875169,34754942.30218287
1.984214782130766,3452009362.0545483,3.442149017941477e+17,0.4724329440617315,47108348.32375501,159153.27671238402,35064080.051930204
2.0095535435404095,3774659598.640733,3.433687885811666e+17,0.5165900088855367,46992551.489420734,155165.0180172601,35364440.98892767
2.0352158852577684,3323808978.1365075,3.4314548032616026e+17,0.4548877758851896,46961990.107546866,151276.70209967744,35655448.046445705
2.0612059394585964,3130099995.125164,3.43183687521734e+17,0.42837727271529497,46967219.04408674,147485.8235884946,35938848.10665664
2.0875278910872375,3357982661.950332,3.4258505579747744e+17,0.45956469658855376,46885291.876968354,143789.9419353308,36214178.42645375
2.11418597853049,3109385372.738685,3.427716712131979e+17,0.42554232384558893,46910831.5731306,140186.6764807041,36481911.18636728
2.1411844943000733,3832646415.5714207,3.421653439868651e+17,0.5245259325074324,46827851.21978918,136673.7071919255,36742206.4099859
2.168527785723815,3107506706.083025,3.416365614678602e+17,0.4252852144562575,46755483.43163429,133248.77046600642,36994033.20037732
2.196220255645661,2917288446.5580616,3.416615922627321e+17,0.3992524425439034,46758909.08054577,129909.6587229448,37238691.58954047
2.2242663631346256,3159947961.9418526,3.410037720186829e+17,0.4324621871400555,46668881.52790477,126654.22290644977,37476126.487592675
2.252670624202795,2900607180.1186123,3.410189160211708e+17,0.3969694881865674,46670954.09635111,123480.3660269467,37706516.7072192
2.2814376125325015,2741527304.4537196,3.4041686263846106e+17,0.37519823378979217,46588558.65003441,120386.04309032999,37930120.37450372
2.310571960212781,2905413122.19533,3.397117617964509e+17,0.39762721680956936,46492060.39880922,117369.26175913471,38145878.09116257
2.3400783584852367,2717379627.3789577,3.3974552919138726e+17,0.3718934460629443,46496681.715882815,114428.07883734275,38355085.92090248
2.3699615584994276,2985849365.572564,3.39028682920091e+17,0.40863551003312987,46398576.01602266,111560.60006920926,38557871.65373479
2.400226372077903,2704818978.1143284,3.3877833738196416e+17,0.3701744285606616,46364314.38252014,108764.97830918212,38753922.27466049
2.4308776724910097,2550719743.6498733,3.3827359375779456e+17,0.3490848116505927,46295236.49444022,106039.41215306154,38943762.42634145
2.4619203952415853,2717426566.166618,3.375093896978938e+17,0.37189986998226754,46190649.53188693,103382.14682572173,39126666.531702854
2.493359538859683,2529821890.5592494,3.374382579761399e+17,0.34622478630746994,46180914.63107994,100791.47069081091,39303562.31349019
2.5252001657074374,2849486983.50019,3.3666366865844243e+17,0.3899733122042746,46074906.36939296,98265.71534086308,39474567.334173664
2.557447402794212,2521542495.988028,3.3616843107957e+17,0.34509169008956087,46007129.453730874,95803.25365267135,39639112.658266254
2.590106442602153,2371765159.9155993,3.3574283290339e+17,0.32459355685381946,45948883.2040045,93402.49873482312,39797956.3212297
2.623182543922293,2543768731.206298,3.349201773445666e+17,0.34813351432532313,45836296.72267109,91061.90511717301,39950674.67694308
2.656681032701321,2354061932.0027704,3.3474182079017875e+17,0.32217073953061387,45811887.31260159,88779.96512322174,40097856.51473641
2.690607302899175,2819174118.4391146,3.339141748184786e+17,0.3858247730255667,45698617.8564555,86555.209447382,40239617.944859326
2.724966817357582,2350307674.0799,3.331978047192082e+17,0.32165694164154524,45600577.32424944,84386.20459419226,40375180.50105815
2.7597651086796895,2204042700.793949,3.328305216059441e+17,0.3016395011611795,45550311.92102926,82271.55245187416,40505491.52910494
2.795007780120933,2385231807.277566,3.319507193672607e+17,0.32643656687858613,45429904.49502914,80209.89209381976,40630393.00535409
2.8307005064912754,2189345124.1730733,3.316739134695848e+17,0.29962802938769606,45392021.56614425,78199.89548979397,40750187.7738324
2.8668490350689706,2066607662.9775565,3.3078769492130944e+17,0.2828305024815844,45270736.02084821,76240.26746556869,40864979.6121448
2.9034591865259975,2189607238.0226474,3.298634591054977e+17,0.2996639016014261,45144247.53206516,74329.74636805026,40973789.90973257
2.94053685586531,2043086489.2853417,3.2954746834232314e+17,0.2796114563638802,45101001.865299635,72467.10156521456,41077753.4035996
2.978088013370054,2197408580.955546,3.2876729797330195e+17,0.300731572926405,44994229.795571804,70651.13337013045,41177226.92374454
3.0161187055649124,2036197993.5039797,3.2813805076977754e+17,0.2786687149049727,44908112.674288355,68880.67206737983,41271792.513322584
3.0546350561897184,1918210753.9186344,3.2716333523228774e+17,0.26252129086500836,44774715.6632429,67154.57682265372,41361234.15986695
3.09364326718551,2043238335.0062194,3.2631344498053395e+17,0.27963223757083344,44658401.91329222,65471.736346216385,41445307.029097944
3.1331496196931674,1900958166.0169425,3.258959322079575e+17,0.2601601469513577,44601262.210688904,63831.06665626789,41525104.48260064
3.1731604750648157,2130106045.3716657,3.24911958218106e+17,0.2915207244918029,44466598.11214513,62231.51116754378,41600492.86892499
3.2136822758881296,1893023506.1168606,3.2420892271397414e+17,0.2590742302160412,44370382.51764302,60672.03941490582,41671102.28813137
3.2547215470237294,1778975700.0525024,3.23443106233417e+17,0.24346594671164823,44265574.88342929,59151.646345545116,41737422.84950667
3.2962848966558176,1906960506.8436446,3.2241351671600115e+17,0.2609816115682245,44124667.96346706,57669.35330197734,41798999.875305355
3.3383790173562398,1764278992.581751,3.21891783578001e+17,0.24145459388777044,44053264.93510063,56224.20546921653,41856379.178373806
3.381010687162122,2073219108.3473206,3.2086686037486765e+17,0.28373532754807324,43912996.63466784,54815.27233211457,41909662.95272167
3.4241867706672844,1759807692.303738,3.199911734578999e+17,0.24084266346332092,43793152.42080013,53441.646070985866,41958353.97624374
3.467914220127581,1649109214.3313706,3.192515535756541e+17,0.2256927602137793,43691929.984297805,52102.44120931666,42003056.42800434
3.512200076580359,1782656548.6205838,3.1817349904277965e+17,0.24396969798902865,43544390.26948028,50796.79593751808,42043518.08144904
3.5570514709782137,1636929870.3661687,3.1741160320327994e+17,0.22402592715432426,43440119.20391486,49523.86920970676,42079814.13144626
3.6024756253372243,6067192385.967067,3.164834409830627e+17,0.8303400311131742,43313093.3577268,48282.8485425143,42112300.74826774
3.6484798538998464,1636188227.1498315,3.156004950590047e+17,0.22392442780962693,43192255.695194565,47072.92689763818,42140868.120772086
3.6950715643126584,1528131840.752924,3.147296702024313e+17,0.20913611428090007,43073076.89015557,45893.31731631747,42165712.423165485
3.742258258819154,1671736030.767394,3.1360797928095814e+17,0.2287894069439761,42919565.21368564,44743.26799932756,42186514.69773607
3.7900475354677523,1518458168.4904284,3.1289876148828755e+17,0.20781220087640714,42822503.52739493,43622.038103367,42203660.57157323
3.838447089335251,1429505193.4537427,3.117875117641828e+17,0.1956383301037568,42670420.80580169,42528.905038814184,42217250.71443659
3.8874647137658895,1521886490.7342687,3.106259240608646e+17,0.20828139206361926,42511448.960447855,41463.16514102092,42226602.34385474
3.937108301626243,1415579548.016917,3.098904133740465e+17,0.19373250280676368,42410788.89765026,40424.13192227269,42232471.16535224
3.9873858465761427,1578412358.6319292,3.0873298160272403e+17,0.21601737403402804,42252385.8222452,39411.13625755336,42234942.35636476
4.038305444355817,1408435359.493383,3.078767082227201e+17,0.1927547679100378,42135198.49410998,38423.525548030106,42233901.84500051
4.089875294089479,1322920608.5662646,3.067826737561074e+17,0.18105144346796295,41985471.80748847,37460.663242953924,42229540.48105955
4.142103699605562,1416763028.6756635,3.055815752989896e+17,0.19389447086455566,41821092.624036185,36521.929617841546,42221351.607098535
4.194999070773798,1311002402.8705227,3.0474132887038944e+17,0.1794203491069032,41706098.70241928,35606.71998581339,42209871.41811521
4.248569924859394,1518733808.508264,3.035656789007676e+17,0.20784992424603607,41545202.33219509,34714.44505274135,42195218.455706865
4.302824887894492,1306458311.277805,3.026036114974315e+17,0.17879845665410982,41413536.311604284,33844.52990029523,42177269.30445121
4.35777269606713,1223926996.8278384,3.014917602125414e+17,0.16750343750048965,41261371.26198031,32996.41371607562,42156212.01173794
4.413422197127962,1320931959.2423534,3.002570129469612e+17,0.18077928213922234,41092386.99088812,32169.55076389681,42131657.173191205
4.469782351814926,1213949485.7208602,2.992219439854977e+17,0.16613794150893973,40950730.168590255,31363.408406355546,42103827.60880193
4.526862235296113,1674558753.8942077,2.9812259922523526e+17,0.22917571742497606,40800276.72911276,30577.468031568726,42073034.69415631
4.584671038631061,1212114402.6258903,2.971804682848538e+17,0.16588679685137175,40671339.16053353,29811.22276605938,42039514.46631702
4.643218070250705,1131997357.0019782,2.95931807996022e+17,0.15492218819483394,40500450.78958349,29064.17815098202,42003074.18193533
4.702512757456232,1234916083.5742939,2.946719788497464e+17,0.16900737507993116,40328033.87810805,28335.853998612954,41963245.447852775
4.762564647937077,1123615089.917601,2.9384610182518144e+17,0.1537750131146867,40215006.51542559,27625.781129302864,41920842.99741364
4.823383411308292,1056880024.4969695,2.9244062283303776e+17,0.14464182715772375,40022656.34819425,26933.50189041282,41875670.54238197
4.884978840667571,1120116490.7492514,2.911564864543298e+17,0.1532962040119757,39846912.81266435,26258.57068608706,41827019.311132155
4.947360854172134,1074505637.7780962,2.902172785893803e+17,0.1470540223460764,39718375.2885193,25600.552820197274,41775778.4622599
5.010539496635757,1161740043.794368,2.888648227207763e+17,0.15899269427169804,39533281.72685588,24959.024499955154,41721887.48859891
5.07452494114621,1041075007.7749693,2.8788561936635635e+17,0.14247879403765268,39399270.524960294,24333.572376337852,41665352.7739038
5.139327490703326,977951200.825604,2.8651979852642752e+17,0.1338398354400074,39212347.86838777,23723.793336028797,41606209.3835479
5.204957579878001,1045782397.3027169,2.8520963180613386e+17,0.14312303501738033,39033041.888605714,23129.29494642266,41543959.97293291
5.27142577649239,968546032.6687229,2.840776826646356e+17,0.13255266880291972,38878126.299058214,22549.694257773535,41479084.747697614
5.338742783321535,1108654451.373132,2.8283492687724342e+17,0.1517275393765505,38708046.00268324,21984.61807187642,41411761.95911997
5.406919439816741,964392822.4089053,2.8194530671155686e+17,0.13198427134376994,38586294.9209533,21433.702294341543,41342473.52873496
5.47596672385096,903811020.0977874,2.804146912350542e+17,0.12369320483131621,38376818.90280015,20896.591734990005,41270764.28372144
5.545895753486453,973331383.8629974,2.7909494062399424e+17,0.1332075794117759,38196201.2968736,20372.940811690994,41195966.57865123
5.616717788765035,895913212.8749152,2.7772148215267597e+17,0.12261233165671023,38008233.3741084,19862.412203385076,41118424.41877434
5.688444233521175,1133621081.2822661,2.7663240257356624e+17,0.15514440683957842,37859184.80039014,19364.677367360946,41038605.80551486
5.761086637218253,893780643.4458297,2.7592028310171472e+17,0.12232047379998667,37761725.997900024,18879.415413388,40957702.84045249
5.834656696808274,835350516.9726654,2.7412414593752592e+17,0.11432387999724364,37515911.37823417,18406.313279023514,40874514.356845476
5.909166258615309,908355506.8814123,2.7280920800755475e+17,0.12431515136890026,37335952.42321413,17945.066783510294,40788080.95862573
5.9846273202430105,828917986.2505089,2.7204893746457203e+17,0.1134435407199981,37231903.79146565,17495.37879362319,40700261.03923535
6.061052032506483,780656780.4960605,2.7028704047127936e+17,0.10683863872605537,36990775.191750795,17056.959455255033,40610305.97769882
6.138452701388807,828952505.3996472,2.689352312730469e+17,0.11344826492017936,36805770.13169772,16629.52660353402,40517270.281914614
6.2168417900225705,772213312.2970816,2.6766101846857504e+17,0.10568308782194047,36631384.71050074,16212.80490796872,40422063.802056655
6.296231920696692,852024039.5343088,2.663761474208784e+17,0.11660577454778118,36455540.630100645,15806.526011060061,40324854.760213435
6.3766358768888685,767217736.6204904,2.656767642135574e+17,0.1049994064420121,36359824.87935733,15410.42817208754,40226685.528766684
6.458066605323999,721298348.2849385,2.6378470972573917e+17,0.09871499943566286,36100883.26644317,15024.25604739257,40126519.6405234
6.5405372180588595,769666662.0873561,2.624400203612952e+17,0.10533455995602531,35916852.60816168,14647.761134404398,40023319.505821735
6.624060994593432,714018712.1128364,2.6101676411189718e+17,0.09771872752913548,35722069.49214569,14280.70091004782,39917958.234728865
6.7086513840091815,808325376.3741179,2.5982064996645677e+17,0.11062529016229164,35558372.44851196,13922.83902908503,39810748.08295957
6.794322007134638,710072879.6574237,2.592724169446842e+17,0.09717871125218788,35483342.71558165,13573.94491060582,39703240.42812182
6.881086658738633,669488824.5327703,2.571421181081532e+17,0.09162448395047158,35191795.60619762,13233.793600096875,39593816.54754797
6.968959309751557,721150708.6907635,2.5586569049132982e+17,0.09869479386817429,35017107.07159334,12902.166266280119,39481302.272023275
7.057954109514957,660632257.3399566,2.540950576454717e+17,0.09041239740193129,34774782.906017125,12578.849267785257,39366377.12475323
7.148085388059895,800328280.8587117,2.5318165842864704e+17,0.10953082865247767,34649777.48573885,12263.634507711602,39249738.73577527
7.2393676584143725,658567747.1861951,2.531254011754877e+17,0.09012985395905766,34642078.26567675,11956.318805013165,39134369.806213394
7.33181561894023,616522945.5233383,2.504919563525671e+17,0.08437571271876483,34281671.91672756,11656.703907275023,39017251.6681594
7.425444155699908,667678065.6014913,2.4923792690931024e+17,0.09137666823412573,34110048.73739026,11364.597168384651,38896417.290968716
7.5202683448533945,611540944.9788091,2.4888348155209693e+17,0.08369388919579263,34061540.27578005,11079.810412725343,38775862.55340984
7.616303455085818,576755642.7589757,2.465819769547091e+17,0.07893326400211932,33746562.39516723,10802.160060608729,38653753.29293229
7.713564950066026,611025835.3406377,2.4527915586614746e+17,0.0836233926422343,33568261.71927087,10531.467434242704,38528534.2614968
7.812068490936548,570424424.6547487,2.437653508839412e+17,0.07806679010394406,33361086.341260493,10267.558166290715,38401620.95530603
7.911829938835381,625546173.3353413,2.426083056704246e+17,0.08561060800237065,33202736.169142526,10010.262308092011,38273311.98141014
8.012865357449964,566513338.6160959,2.4253187878799424e+17,0.07753152913042811,33192276.58653857,9759.41409828093,38146114.97043311
8.11519101560376,533562119.8462785,2.3991936779939536e+17,0.0730219117855372,32834735.187229384,9514.851813746518,38017466.91213362
8.218823389875888,567698645.68297,2.3866464226820413e+17,0.0776937471456444,32663016.743123747,9276.418093757506,37885426.014398985
8.323779167254196,528136835.6215925,2.369266450284609e+17,0.0722794216211668,32425159.000972558,9043.959347855736,37751556.864473194
8.430075247822208,591591169.0807246,2.3596714884899658e+17,0.08096361520971793,32293844.87133459,8817.32589951716,37616425.25667126
8.537728747480408,525282209.4076381,2.3636117488094234e+17,0.07188874496736664,32347770.240238663,8596.371722414005,37483725.02479582
8.646757000702243,493960193.30697894,2.3324164382834387e+17,0.06760209602514701,31920839.40526725,8380.954337207468,37349638.31361385
8.757177563325346,528440986.9890874,2.320601380551925e+17,0.07232104697930328,31759141.625136197,8170.935168887309,37211557.49442182
8.869008215378397,489392556.223488,2.297685650915803e+17,0.06697698119826402,31445522.96186373,7966.178927105246,37070969.257360995
8.982266963944069,575602923.1983835,2.293292046043947e+17,0.07877550582751112,31385393.238362066,7766.553817427857,36929241.27741876
9.096972046058562,487599031.3508561,2.3064708939587725e+17,0.06673152408996665,31565755.493116707,7571.931170026026,36792590.49272292
9.213141931648138,457685506.76458746,2.265538411116397e+17,0.06263763760086893,31005564.272619255,7382.185430054306,36654546.08603107
9.330795326503164,493220928.1887429,2.2548683249851987e+17,0.06750092214071625,30859536.273397546,7197.194597506201,36511145.2180648
9.449951175290154,453916019.2396794,2.2610836597150272e+17,0.0621217554284242,30944597.71375802,7016.839500058367,36370592.35733733
9.570628664602236,429096894.5260252,2.228098852853419e+17,0.05872507513943208,30493176.30145737,6841.003866871233,36228928.64243948
9.692847226048606,453099098.01287544,2.2166629843793373e+17,0.06200995373272549,30336668.00601354,6669.574552225806,36083221.21741361
9.81662653938344,423973078.2662884,2.2007221697256758e+17,0.058023843089766346,30118506.199143775,6502.441128331019,35936465.731688246
9.941986535674719,455308765.404421,2.189567732298531e+17,0.062312363014305115,29965849.495167688,6339.495956945527,35788746.81656548
10.068947400513569,421630849.78916,2.1999861881973904e+17,0.05770329184582175,30108433.74905123,6180.63407418622,35644626.90129529
10.197529577264552,398246729.3128106,2.1633961146818006e+17,0.054503002471646696,29607671.603258066,6025.75306265005,35499579.543257564
10.327753770357507,422157397.71414745,2.153238583954201e+17,0.057775353813302434,29468658.302807994,5874.753263610207,35350179.563882105
10.459640948621352,394300792.0097738,2.1318388985719126e+17,0.053962971845528354,29175787.823420532,5727.537407817589,35199099.859302394
10.593212348660538,436939549.1086855,2.1272952506462726e+17,0.05979840026840573,29113604.650052413,5584.010705714918,35047375.74669649
10.72848947827458,392133859.66546685,2.1496817877978422e+17,0.05366641117038748,29419980.923828468,5444.080678878866,34902542.6893607
10.865494119921255,369966514.3185747,2.1011276212290246e+17,0.05063264644790934,28755481.3395945,5307.657087183395,34756774.706929624
11.004248334224062,394009042.4691861,2.0925556064090218e+17,0.05392304376888303,28638166.993855167,5174.652180103574,34604907.2097317
11.144774463524412,366651918.83756953,2.0623714234680957e+17,0.050179019607067575,28225074.185717694,5044.980277805054,34450176.0757196
11.28709513547923,421301046.779876,2.066557900890955e+17,0.057658155871293644,28282369.21729757,4918.557911426985,34294901.76743709
11.431233266704487,365247834.4884647,2.1056294130810627e+17,0.049986860307023324,28817091.681721315,4795.303598541694,34150974.25382051
11.577212066465247,344131785.084738,2.03998949883363e+17,0.047096973188983135,27918761.037640512,4675.1378215829545,34005983.65836181
11.725055040412846,368770367.25627106,2.0335965446421152e+17,0.05046894489936007,27831268.743930403,4557.983322461591,33852338.86419509
11.874785994369814,341414225.40085596,1.9531749967100627e+17,0.0467250551008596,26730640.53958138,4443.76462887288,33687577.023620225
12.026429038163087,483974248.0847372,2.0063634822267994e+17,0.06623544576271116,27458564.19700452,4332.4083761828115,33522419.503052343
12.180008589506205,340789579.9253228,2.1070444355040208e+17,0.04663956775999522,28836457.30733461,4223.842630023984,33387837.54152791
12.335549377931079,320546845.95344085,1.9794463491798832e+17,0.043869200300591014,27090183.376522407,4117.997187507938,33251764.069890354
12.493076448769957,346536510.8760139,1.9764774313728426e+17,0.04742607765136428,27049551.546386734,4014.8041689674124,33096846.784426365
12.652615167188273,318399268.45894647,2.013693903018709e+17,0.04357528847941309,27558886.4126393,3914.1970918620345,32951728.025857445
12.814191222268933,301856383.9540719,1.951997900667182e+17,0.04131127271056258,26714531.111979753,3816.1110820683616,32805940.540771
12.977830631148827,318600720.536838,1.9456148519313923e+17,0.0436028586822323,26627174.38173775,3720.483040580235,32652192.537428476
13.143559743208113,299029871.3314147,1.9180939554150992e+17,0.04092444360910417,26250530.612826526,3627.2513664616067,32496460.589923646
13.311405244313043,327824181.83570313,1.9211972948092125e+17,0.04486515739548632,26293002.101533934,3536.356029987105,32340477.431906335
13.481394161112922,297431269.49223495,1.9748884655523117e+17,0.04070566315573462,27027805.37707275,3447.738464422967,32198197.125267647
13.653553865391997,281776456.21101743,1.896403787515712e+17,0.038563186484471934,25953684.665925562,3361.3415149888083,32055086.933566798
13.827912078476858,298544351.4382334,1.8923238120883795e+17,0.04085799663040893,25897847.192712944,3277.1096156421427,31901485.947620325
14.004496875700168,279389810.06683385,1.8512074594769786e+17,0.038236556355155264,25335139.578799542,3194.98850497968,31743943.646248747
14.183336690921381,314716431.3902559,1.8677350001764134e+17,0.04307126506105666,25561331.164389186,3114.925320903796,31586195.53032291
14.364460321105184,278229547.26952994,1.9487984911411664e+17,0.03807776583296232,26670744.832653586,3036.8684621017865,31449205.357333496
14.547896930958435,263087666.90536255,1.8464397748244845e+17,0.03600548781491646,25269890.29756946,2960.767565920632,31311796.855459638
14.733676057626262,278099427.5892613,1.8131644389902166e+17,0.038059957994923,24814492.7819767,2886.5737056936787,31154648.678491406
14.921827615448175,273435985.15523976,1.741073884130723e+17,0.037421731499136225,23827880.3629697,2814.2391098443186,30983328.411052357
15.11238190077491,325317903.5341864,1.8420568098188106e+17,0.04452215472300259,25209906.188484725,2743.717250545858,30821444.000061784
15.305369596846775,261179515.6805521,1.966989028567972e+17,0.035744343244811454,26919695.755124316,2674.962598009871,30702381.734352935
15.50082177873428,246950784.53401166,1.789335117051707e+17,0.03379703643280961,24488370.934158053,2607.9307556968824,30576933.300132956
15.698769918341917,264898600.15182915,1.7947888761800736e+17,0.03625332738758155,24563009.65065575,2542.578691740182,30425299.26705097
15.899245889475742,245461540.1931084,1.8711382187068166e+17,0.033593222359726845,25607906.7202749,2478.864302367492,30291569.60544722
16.102281972975767,233773196.8159895,1.7740301753058762e+17,0.03199358635249128,24278911.517067343,2416.746498257543,30157442.751956366
16.307910861913832,245577968.7825213,1.7736042502740864e+17,0.033609156470993724,24273082.41883459,2356.185323831404,30010057.32310362
16.516165666857887,231820757.32353207,1.7381576517181814e+17,0.03172638060627769,23787969.571319785,2297.141766943968,29860175.83750613
16.727079921203504,251483978.17907766,1.752807707323341e+17,0.03441743742108092,23988466.38851539,2239.577811266023,29710538.64060723
16.940687586573414,230726082.1498459,1.8547040424719626e+17,0.03157656623416717,25382992.896250956,2183.4563662061587,29584731.25913564
17.157023058286075,219649630.9023726,1.7315186595739773e+17,0.030060672178339475,23697110.06674352,2128.7412312789547,29458181.051518828
17.376121170894038,231481467.34929067,1.7344862730658442e+17,0.031679946270617,23737724.046363942,2075.397221352654,29314324.703052916
17.598017203793024,218027204.31643838,1.6795672775351206e+17,0.029838631132639435,22986117.082932923,2023.3899723808597,29165101.82103706
17.822746886902657,241472887.04023105,1.7131434730437942e+17,0.03304734575447527,23445632.085091375,1972.6860066498575,29016054.828511175
18.05034640641976,217320546.6302203,1.854501322352378e+17,0.02974191981580072,25380218.521883126,1923.2526455184989,28900857.375369374
18.280852410645036,206770181.7787046,1.6902797087315667e+17,0.028298024563801632,23132724.6056073,1875.0579908841287,28784293.61235773
18.51430201588425,218823524.3413569,1.6980161429084026e+17,0.029947613401900622,23238603.41390019,1828.0710638008143,28644004.241754934
18.750732812424733,205448362.35574657,1.5813929221861504e+17,0.028117123825706768,21642528.61417883,1782.2615940845753,28488423.487754967
18.990182870588182,241421442.2985515,1.6748336466847533e+17,0.033040305162107445,22921333.85310386,1737.6001172982967,28332994.74149567
19.232690746860836,205056907.9139889,1.9046535616735744e+17,0.028063550397888614,26066588.910510913,1694.057824787264,28237041.252531487
19.478295490101807,194728362.05920014,1.6628281935687917e+17,0.026650012711782727,22757030.37169635,1651.6065922406015,28140920.498315025
19.727036647830822,205084846.13420287,1.5403143828570442e+17,0.028067373949404034,21080338.50292563,1610.2191585077044,27984862.274927575
19.978954272596173,213834869.19812626,1.7753862633293856e+17,0.029264879148010174,24297470.581952736,1569.8688979986555,27852404.98224941
20.234088928424026,185813985.7451413,1.7675002046555152e+17,0.02543001455858582,24189544.052051242,1530.5297536783244,27761959.921957128
20.49248169735012,194296607.88977963,1.654200499093214e+17,0.026590923968973276,22638954.008799806,1492.1763880126673,27652886.027951553
20.754174186034753,184520443.78972536,1.6093540581019043e+17,0.025252983800505602,22025197.384003013,1454.7841287598876,27519501.408568542
21.01920853246241,198261119.23294324,1.6394569662680224e+17,0.027133496589489627,22437177.88689698,1418.328900728577,27387012.671783913
21.28762741272681,183836345.14494744,1.8075870280205152e+17,0.025159359854888978,24738161.798821718,1382.787214030501,27291986.68447093
21.559474047902683,175884943.60698828,1.624254120418935e+17,0.024071151902938567,22229115.727461636,1348.1361391311932,27196352.660857517
21.834792211005244,184441323.24198282,1.6371426341973142e+17,0.025242155569934543,22405504.545401454,1314.3533974313557,27074101.25019512
22.113626234038616,174818050.5850331,1.5664109402421008e+17,0.02392513972322037,21437489.14019854,1281.4172258570243,26944903.59307176
22.39602101513415,190927613.34689748,1.621871780236485e+17,0.02612985221525288,22196511.644792475,1249.3064233758564,26816462.222559873
22.682022025780007,174406025.23599017,1.8443393035368125e+17,0.023868751015004193,25241143.798638724,1218.0002943449238,26739079.677413914
22.971675318143014,166763554.22894168,1.604660372504469e+17,0.02282282248495599,21960960.834424924,1187.478633926044,26660182.121868443
23.265027532484012,175537778.83811265,1.6242860606518182e+17,0.02402363984354577,22229552.853108536,1157.7218273367555,26545809.601971373
23.562125904667973,165909342.9843599,1.4819490892825808e+17,0.022705917375264104,20281566.408692382,1128.7107040845328,26413084.739058588
23.86301827376989,188603148.8980195,1.6065524183756342e+17,0.025811732109606158,21986854.877791088,1100.4266022812672,26280935.366002094
24.167753089777914,165773035.22120437,1.935950639433292e+17,0.022687262652436903,26494912.505141962,1072.8512797871979,26230171.45085744
24.47637942139482,158373216.7491045,1.5853071519005712e+17,0.02167454291166081,21696097.73505216,1045.9669241421593,26176296.704963855
24.788946963939097,167577718.4715655,1.614891786959861e+17,0.02293424686703346,22100985.288188275,1019.7562751395353,26069131.303726513
25.105506047346903,157722878.01355666,1.818860311701506e+17,0.021585539258643663,24892445.001445584,994.2024455587897,26004890.241116557
25.426107644276325,151550202.1554845,1.6041316814178003e+17,0.02074076303630104,21953725.3069284,969.2889498382796,25939958.37597091
25.75080337831495,157878362.42824626,1.6199405352048698e+17,0.02160681844768497,22170081.132001292,944.9997695002922,25842794.193950042
26.079645532292393,150653060.07088086,1.5619813820269136e+17,0.020617982524483797,21376867.368673325,921.3192575444596,25740756.79252151
26.412687056698942,160646208.04873046,1.6077801074060906e+17,0.02198561853715386,22003656.707746312,898.2321677813153,25639304.020934936
26.749981578211656,150205116.298739,1.8590298751011616e+17,0.02055667811512346,25442195.106621396,875.7236235369484,25591554.257945627
27.09158340832946,144287837.37598485,1.594616711279385e+17,0.01974685484724931,21823505.92210971,853.7790998493276,25542182.82731296
27.437547552118346,150687934.95592648,1.6158013652085424e+17,0.02062275540974796,22113433.537448622,832.3844917168641,25452651.09550994
27.7879297170684,143564149.86479136,1.5247814101221398e+17,0.019647812873246566,20867758.313548222,811.5260162858775,25353265.706582934
28.142786322063866,155083380.94506595,1.6011080486129923e+17,0.021224304615245358,21912344.661689162,791.1902475696271,25254033.337784752
28.502174506467767,143326638.8997514,1.9200628735401075e+17,0.01961530774574193,26277476.709689386,771.3640784986512,25225333.533034887
28.866152139322534,137629550.08309126,1.5846793630040397e+17,0.018835619118062773,21687505.980930697,752.0347096551618,25193823.885767657
29.234777828668175,144129809.8082013,1.6035965057030826e+17,0.01972522760894818,21946401.0325138,733.1897229423344,25109222.429467507
29.608110930979347,137458616.4708466,1.4109474511628093e+17,0.018812225592379,19309856.61848008,714.8169781324605,24996719.728597887
29.98621156072302,153841132.5467717,1.5994573153099517e+17,0.021054293758811057,21889753.158815827,696.9046585098804,24886741.17204472
30.369140600038172,137160464.58602864,2.064044785362145e+17,0.018771421307700504,28247975.377550382,679.4412083631681,24891810.499890346
30.75695970853907,131635064.27439103,1.5754589131395555e+17,0.018015229518350044,21561317.323306106,662.4153422474792,24891600.599357687
31.149731333243828,138588368.49336794,1.6222265228926138e+17,0.01896684048998802,22201366.559708446,645.8161351508576,24816216.479326554
31.547518718629586,131271118.04986377,7.550067633883246e+16,0.017965420792967205,10332824.468406785,629.6328919295978,24601037.92435451
31.95038591681627,187025726.2701742,1.5919263912939798e+17,0.02559585018753078,21786686.90866368,613.8552733412769,24387909.82471586
32.35839779788031,131510443.31927942,2.8107022567709347e+17,0.017998174221408404,38466533.62657545,598.4730301674382,24533043.660497073
32.77162006030008,126014643.61869544,1.579661899195977e+17,0.017246033494021974,21618838.28771345,583.4761512975651,24669772.174537703
33.190119241534724,133628909.53771937,1.6475853136171245e+17,0.018288101949726396,22548420.316037066,568.8550876200605,24605039.119393658
33.61396272873814,125781396.99841453,2.0040803466089283e+17,0.01721411197355247,27427317.801977333,554.6004171224979,24615020.422582373
34.04321876960964,121195045.48402417,1.644433130341348e+17,0.016586435938758682,22505280.362780653,540.7029375274533,24623431.943976257
34.4779564833833,126252178.37932633,1.6809094172962294e+17,0.017278541878128748,23004485.255558778,527.1537200758466,24576647.078854363
34.918245871957645,120718537.38480222,1.5697957515557395e+17,0.016521222290539983,21483812.779745217,513.9440357145907,24518075.403554343
35.36415783116734,129508515.51267102,1.6761922153049472e+17,0.017724195634365364,22939926.866784625,501.0653826512122,24460399.240273338
35.81576416219904,120615190.49042064,2.121972463978024e+17,0.016507078505731916,29040758.38827992,488.50945936090454,24499223.55149995
36.273137583152725,116092030.8999801,1.6681472536026768e+17,0.01588805075184974,22829825.631728724,476.2681558695482,24534716.694171738
36.73635174075097,121361261.98145024,1.7152152978664432e+17,0.016609183892484943,23473986.53601794,464.33361236707646,24500115.624005552
37.20548122219755,115707416.68862174,1.511260753636304e+17,0.015835413460016944,20682718.156372953,452.6981394959867,24439206.017649136
37.68060156718754,127041091.7739744,1.705423032413463e+17,0.017386510495404312,23339972.16027963,441.3542534558211,24378576.742187984
38.16178928007087,115738499.00695589,2.3027180386771517e+17,0.015839667304551747,31514394.90038997,430.29463716474913,24455622.549192835
38.64912184217104,111247891.37813073,1.6886641471116662e+17,0.015225094526727856,23110614.453161232,419.512140204665,24526545.97904839
39.14267772426127,116838095.04201666,1.7510692167963792e+17,0.015990155132838857,23964673.863300823,408.9998471596275,24501832.676785495
39.64253639919995,110952601.77175729,1.1299226625149824e+17,0.015184681965967357,15463825.095083509,398.75098427987905,24381183.373781167
40.14877835472745,133930460.59949413,1.7258261717923782e+17,0.01832937143684459,23619204.17253425,388.7589804423845,24260552.935383692
40.66148510642627,111130075.86833303,2.8190199191732742e+17,0.01520897060517605,38580366.9718625,379.01736911980595,24433128.71979805
41.180739210846916,106642834.28424379,1.6992612657195315e+17,0.014594858495403039,23255643.8380035,369.5198292496153,24594417.00260311
41.70662427880104,112728725.71624589,1.7857548592850518e+17,0.01542775762889484,24439372.465735763,360.2602940192189,24575794.08404176
42.23922498882465,106439165.3796319,2.270305771285251e+17,0.014566984903495294,31070809.11305137,351.2327958566358,24655992.229839835
42.778627100813125,102673784.96083048,1.780636028972411e+17,0.014051664818816265,24369317.497132953,342.4315033427354,24732242.995501548
43.32491746983031,106786185.36103621,1.825395160158908e+17,0.014614477147654651,24981879.222849037,333.85076581561265,24730872.215889607
43.87818406009412,102274019.34957558,1.686458691954136e+17,0.013996953946147198,23080431.172532815,325.4850548596618,24713186.634896357
44.43851595914046,109185209.39523843,1.8153705084792493e+17,0.014942801282522712,24844684.47018487,317.32898707506695,24694516.645637672
45.00600339216831,102171659.39312476,2.4020626953347978e+17,0.013982945231074854,32873999.80579613,309.3773043837943,24799522.58636023
45.58073773656783,98476939.25530505,1.8004291350101946e+17,0.01347729552705567,24640200.753138687,301.6248670375432,24898042.198896732
46.16281153663406,102728530.3375486,1.8547194699997027e+17,0.014059157127435416,25383204.0333478,294.06670145324125,24900949.510082327
46.75231851846844,98161158.30250832,1.614953917902687e+17,0.013434078574387968,22101835.59597015,286.69793763603514,24871659.209285337
47.3493536050708,106701880.6534391,1.835325625927317e+17,0.014602939426567865,25117784.97184392,279.5138369020292,24840277.901423607
47.95401293162383,98160587.1148417,2.5861789156562144e+17,0.013434000403142571,35393766.08951778,272.5097645791798,24976803.420732167
48.56639386097289,94483800.34948938,1.844774517918712e+17,0.012930805013426486,25247100.02847978,265.6811885684388,25109904.47283813
49.18659499930352,98357293.51068538,1.5866352478044563e+17,0.013460921124368221,21714273.70713282,259.02373237134026,25068796.562758096
49.814716212019064,98561221.34099755,1.2376664483590718e+17,0.013488830152167947,16938378.278809074,252.53311437613883,24924514.558712885
50.450858639821156,108509744.657092,2.1113958350469165e+17,0.014850358950714414,28896009.41977777,246.20516429608406,24875163.065215044
51.095124714995386,94676433.97874162,3.009977058558046e+17,0.012957168346502375,41193756.27899522,240.0357813502101,25130986.82603232
51.74761817790516,91088552.87886414,1.8089849859798656e+17,0.012466140352896438,24757293.884663377,234.02096911405687,25326258.909778677
52.40844409369599,95986131.2709412,1.9185394035911696e+17,0.013136410081587146,26256626.899689507,228.1568862526189,25330906.35397694
53.07770886921327,90999743.230475,2.5367332010115434e+17,0.012453986097432715,34717065.01223811,222.43975299398963,25460783.201369952
53.75552027013591,87935094.1328542,1.922107216495323e+17,0.012034566262822706,26305455.050988827,216.86587335771708,25586675.975618575
54.441987438329036,91349752.05737329,1.9829610549469427e+17,0.01250188738714438,27138284.71747747,211.4316719625494,25615189.356269065
55.13722090941791,87668616.23164137,1.8222364278489786e+17,0.011998096796435617,24938649.641229514,206.1336473634985,25625621.545189597
55.841332630586656,93257509.62470356,1.9811336781856534e+17,0.012762978082319512,27113275.718581475,200.96839097057165,25635826.689880002
56.55443597860402,87642044.1031658,2.7239140870227248e+17,0.011994460204651223,37278773.50649649,195.93257216461396,25801028.824294176
57.276645778079406,84564259.453263,1.974643513506792e+17,0.011573242672820378,27024453.0276472,191.02293261727579,25959354.909663763
58.00807831995217,88146135.97839613,2.0484077585182422e+17,0.012063448896081342,28033971.130938478,186.23632617978745,25998774.69705502
58.748851380216735,84338909.51493563,1.777690643990044e+17,0.011542401871524067,24329007.731061332,181.5696683237968,26003058.87469602
59.499084238887086,91185838.45831907,2.0363779714095872e+17,0.01247945460204705,27869334.62089161,177.01995901590718,26005748.821969554
60.258897699203345,84384183.97396241,2.9678858220591635e+17,0.011548598015197354,40617706.659983456,172.5842622071761,26213195.12493046
61.028414107083634,81293069.64275566,2.0140032585982746e+17,0.011125556218157077,27563120.17193389,168.25970397053683,26409554.991101403
61.8077573708243,85092651.12514856,2.105648986533873e+17,0.011645556970664004,28817359.55886088,164.04351746354317,26454277.429223742
62.59705298105186,81117809.15675527,1.524828551768217e+17,0.011101570527883754,20868403.481747616,159.93298529062398,26413265.056845676
63.396428030929485,91321861.64157349,2.0746738886953648e+17,0.012498070378015655,28393442.49695184,155.9254710482792,26369199.002221428
64.20601123662173,81253340.81464157,3.4094203723733466e+17,0.01112011903498012,46660432.66770644,152.01838235427826,26650256.357994765
65.02593295802056,78156182.43518528,2.029837561354897e+17,0.010696250065354518,27779824.2849269,148.20918010161338,26913629.126109097
65.85632521973596,82251579.59562288,2.1485819372343443e+17,0.011256735375410585,29404928.65759035,144.49543561408197,26955826.562254675
66.69732173235484,78042199.59165056,2.911301605660368e+17,0.010680650672451485,39843309.92066527,140.87475471026602,27148818.479390845
67.54905791397098,75409289.85257086,2.1563465048309837e+17,0.01032031755367283,29511192.492485147,137.34479385105982,27336654.444019746
68.41167091199043,78111359.82380065,2.014050137885833e+17,0.010690115760363997,27563761.749563433,133.90329154733746,27366591.41852401
69.28529962521496,76674920.48764083,1.9657491864259926e+17,0.010493528441682982,26902727.60087347,130.54803303746164,27363197.2921939
70.17008472620773,79864279.4814367,2.3355410065390835e+17,0.010930015745475218,31963601.42660364,127.27685804252252,27415471.55560795
71.06616868394465,75313610.15940386,3.060075425956413e+17,0.01030722308190613,41879389.39062184,124.08765401302306,27654474.20060428
71.97369578675469,72733344.54237354,2.165465930469479e+17,0.009954094699545842,29635998.559059147,120.97835702526964,27856561.99397276
72.89281216555337,75777446.81632131,2.2568386052723635e+17,0.010370702549777806,30886501.012454282,117.946977727119,27916921.21676144
73.82366581737301,72586143.81212154,1.962057595884797e+17,0.0099339491938223,26852205.46130982,114.99156237831392,27940467.7971163
74.76640662919326,78158141.41713293,2.2520626134119194e+17,0.010696518166483983,30821138.040955804,112.11021187275023,27963241.560248785
75.72118640207603,72663833.6948141,3.3577208305006483e+17,0.009944581627328336,45952886.302333176,109.30106603178496,28225656.949039686
76.68815887560883,70020407.38794653,23455130867649.668,0.009582809238675138,3210.00767001449,106.56230152024229,28090502.71578865
77.66747975265986,73285949.68192951,2.3502587954242026e+17,0.010029722789044617,32165025.223697215,103.89216968510982,27792187.719311554
78.6593067244495,69895386.52701634,1.7658715309926982e+17,0.009565699211672421,24167254.4516261,101.2889492210888,27800922.9154731
79.66379949594193,77743794.89873436,2.327780196820073e+17,0.010639811789119972,31857389.021036096,98.7509714287524,27806831.753550563
80.68111981156099,70029901.909738,3.8376967991953894e+17,0.009584108634016214,52521711.47592362,96.2765936667253,28168895.453256063
81.71143148123451,67321018.1500905,2.2883201127752035e+17,0.009213377910119915,31317348.66415984,93.86420428259025,28511791.203080796
82.75490040677091,70876652.38555215,2.4343073456054685e+17,0.009699992682469797,33315291.62919221,91.51226922886367,28607288.89544332
83.8116946085731,67224372.2343165,101961753.08861473,0.009200151203662353,0.013954218004982463,89.21927179753128,28305190.690849323
84.88198425269319,231478209.41673353,2.1781645407148118e+17,0.03167950039851525,29809788.407071736,86.98401251903718,27971758.263660148
85.96594167823281,67432470.02520074,1.2639920591848102e+18,0.009228630921325016,172986636.81373125,84.80476407791188,29823156.339910734
87.0637414250933,64660226.90592794,2.3029302911275955e+17,0.008849229001709877,31517299.731736887,82.67984179536242,31626926.145134352
88.17556026208045,68625973.52718802,2.5011929907104317e+17,0.009391970679145442,34230671.01893984,80.60817071613819,31658392.28768317
89.30157721536776,64604941.26234202,3.5745912269095136e+17,0.008841662753584728,48920917.6460922,78.58841410030527,31908083.332934674
90.44197359732352,62275706.30063706,2.4834918684567725e+17,0.008522889768069168,33988418.104118206,76.61926031811718,32146127.07800212
91.59693303570596,64915502.178231634,2.5712047402896672e+17,0.008884165305697423,35188833.45430893,74.69945275502528,32207429.834351458
92.76664150323103,62088985.623407185,2.2458993598397926e+17,0.008497335666092919,30736789.369654812,72.82775386263457,32226005.257783137
93.95128734751817,66714787.82074307,2.5396568715699126e+17,0.009130410817845675,34757077.60040024,71.00296161701863,32239378.953167498
95.15106132141791,62098903.82077188,3.800427486522045e+17,0.008498693044561325,52011653.44123318,69.22389732004983,32520036.2701152
96.3661566137273,59800202.50006096,2.5119681896157008e+17,0.008184098813039397,34378137.56400845,67.48940331273225,32786139.08076019
97.59676888029726,62465820.37794384,2.491086437313592e+17,0.008548908281876492,34092355.380863346,65.79837520936043,32822429.9918702
98.84309627553739,60221782.42139516,1.9818445706218256e+17,0.008241795134950497,27123004.805942126,64.14972377074093,32766375.859676942
100.1053394843228,65784149.16373475,2.6274328726608522e+17,0.009003046053015946,35958356.92105299,62.54239217256948,32736363.159615602
101.38370175430894,59907818.56365234,4.1505718496631e+17,0.008198826865144258,56803637.32585669,60.97533853026447,33079945.356526047
102.67838892865815,57629346.84661796,2.497452005486901e+17,0.007887001204103966,34179472.87671371,59.44754022440849,33389173.20113759
103.98960947918538,60647510.59996427,2.6653434367818576e+17,0.008300059176462753,36477190.95480741,57.958028813951415,33437949.83582512
105.31757453992624,57589156.72908355,6.986895060533526e+16,0.007881500890067254,9562081.260792548,56.505843394704996,33174734.4705799
106.66249794113371,71818606.51354438,2.6058279126309917e+17,0.009828906052969351,35662677.10669791,55.090068082166056,32912124.02433601
108.02459624371,57804264.61087095,5.814940578483066e+17,0.007910939990378158,79581751.0588018,53.709771181807646,33534833.160137694
109.40408877407658,55416512.85167417,2.5599491203119126e+17,0.007584158549491646,35034791.992493026,52.36403556814579,34127037.81573809
110.80119765949108,58819595.37427275,2.7868753112733293e+17,0.008049895494677505,38140444.3021035,51.05202496271277,34188945.14268056
112.21614786381411,55391908.614798136,4.020541112432528e+17,0.007580791278188298,55024070.77300718,49.77289231954433,34500855.1531413
113.64916722373287,53334261.4771522,2.789575859436901e+17,0.00729918708969337,38177403.29571229,48.5258044649299,34802730.597007334
115.10048648544837,55675531.85600287,2.903906687941103e+17,0.007619607210821497,39742105.017005116,47.309968304040666,34907027.120104305
116.5703393418295,53168089.16923775,2.5631864724085322e+17,0.00727644518362773,35079097.543885276,46.1245998191283,34969394.27051844
118.05896247004337,57162661.36146871,2.8950525365074086e+17,0.007823131853075116,39620929.42359656,44.96893846982738,35029411.996678635
119.56659556966487,53164858.22523911,4.3540183397242035e+17,0.007276003005109284,59587952.60944525,43.842237102530326,35396239.433159076
121.09348140127305,51061360.00230807,2.8752877740336458e+17,0.00698812375738428,39350434.070171356,42.74375965084837,35747289.14116875
122.63986582554143,53542422.502743796,3.010784238618397e+17,0.00732767546149217,41204803.13351686,41.672809982036966,35860963.479284465
124.20599784282584,50902863.27353275,2.4188666558594054e+17,0.006966432310940776,33103974.400587283,40.628697244075546,35892731.84480764
125.7921296332596,56019998.28720935,2.978807670431692e+17,0.007666749982800672,40767180.21118375,39.610753582401344,35919474.02019421
127.3985165973589,50931018.806245655,4.8037242488542035e+17,0.006970285603274627,65742509.68995662,38.61831882242067,36355871.85366111
129.0254173971485,48795176.09451748,2.9261136177973875e+17,0.006677979773676883,40046023.23246247,37.65074143462849,36768269.838816755
130.67309399781132,51443928.75500183,3.090817544772935e+17,0.0070404811131110235,42300117.96276398,36.70741179886156,36878830.290765084
132.34181170987006,48655246.019431934,1.590001821714488e+17,0.006658829310743,21760347.754358783,35.7877210525319,36755694.975215204
134.0318392319085,57658943.044373654,3.012104683169844e+17,0.00789105166207562,41222874.39119558,34.89108790616763,36625327.85164845
135.74344869383674,48732411.260024905,5.881763417988543e+17,0.006669389943107818,80496270.90759352,34.01692370385193,37235743.32452216
137.47691570071066,46586917.458932705,2.920639599318644e+17,0.006375763290741814,39971107.25181107,33.16464653986598,37808834.385354966
139.23251937710972,49452627.14314963,3.128569157561051e+17,0.006767956799201778,42816776.63028141,32.333728141953,37898900.91971309
141.01054241208152,46486303.2264474,4.462194651558595e+17,0.006361993490871036,61068425.23038984,31.523631748692093,38252277.25426863
142.81127110466156,44695749.555562094,3.091661668917806e+17,0.006116943013448976,42311670.42433314,30.733827666835616,38587527.42084394
144.63499540997233,46632794.26491912,3.184840978611005e+17,0.006382041870039585,43586898.008820266,29.963815821027744,38696931.40546986
146.48200898591318,44468867.010673694,3.041667138238357e+17,0.0060858924636399084,41627458.394797415,29.2130995060925,38794763.72071353
148.35260924044493,46927271.54619141,3.072951929406865e+17,0.006422343258118082,42055613.83836487,28.481196178285796,38871147.767058365
150.2470973794784,44576239.2452909,4.3422526264730854e+17,0.006100587145951112,59426930.14492611,27.767633973699507,39169985.81271827
152.16577845537583,42853247.1589278,3.052708552163564e+17,0.0058647829697216726,41778568.288780585,27.071946165465132,39455079.99777441
154.10896141606966,44908451.19835915,3.196406120841822e+17,0.0061460528022050445,43745175.51098051,26.393692423545733,39538102.25292082
156.07695915481057,42750714.93989501,2.6487964426925216e+17,0.0058507506792443344,36250733.13522767,25.732435029863225,39549030.05474796
158.07008856054944,46760032.47567782,3.1800865879100134e+17,0.006399455357722047,43521830.66512244,25.087751531475988,39558059.371131346
160.08867056896273,42800643.466446765,5.028138194978073e+17,0.0058575837663879535,68813780.07587208,24.459223354805108,39976298.7152615
162.13303021413083,41022083.62298019,3.1450571994114035e+17,0.005614174732717549,43042427.64498605,23.846435844167654,40373991.22250779
164.2034966808742,43238509.59586601,3.3224290015017946e+17,0.005917508976006542,45469891.59036842,23.249005159228656,40471468.65076523
166.30040335776027,40925629.11274925,2.117126228540758e+17,0.005600974221520409,28974434.081619255,22.66654545957206,40388731.98151145
168.42408789078473,47194093.97110494,3.2699534163670163e+17,0.006458859875114904,44751724.500525124,22.09868867363143,40301635.78326794
170.57489223774076,41007022.39248771,5.9205796211204e+17,0.005612113492229337,81027499.27923289,21.54506199024443,40870558.60389519
172.75316272328095,39181774.77445174,3.195846358332003e+17,0.005362314892228677,43737514.74813913,21.00529511694239,41406668.78015677
174.9592500946822,41604142.49962708,3.420078700304749e+17,0.005693833783395179,46806299.7472908,20.479055498480136,41503772.93815941
177.1935095783248,39100798.50818855,4.837639734083218e+17,0.005351232692889833,66206668.12220632,19.966002888618227,41881272.74290796
179.4563009368898,37540845.249534234,3.406462017753845e+17,0.0051377415828465734,46619945.402583905,19.465800065103572,42243878.41640736
181.74798852728958,39230881.467238,3.5094157950391443e+17,0.005369035505359443,48028943.785955064,18.97813223697426,42371305.901385486
184.06894135933652,37374619.532809936,3.1720547595122675e+17,0.005114992367391349,43411909.1690264,18.502684703868155,42454865.5150744
186.41953315516076,40088210.386962816,3.47241298633344e+17,0.005486367291891388,47522533.05464162,18.039153077106388,42530679.839261875
188.80014240938849,37327472.252128005,5.04676342374222e+17,0.005108539914260164,69068680.06993328,17.587237092063823,42927450.82256672
191.21115245008616,35795234.15515493,3.426174650809073e+17,0.004898841828526786,46889727.32646453,17.1466384610686,43302874.22114081
193.65295150048567,37529444.990490064,3.546621332968969e+17,0.005136181373305283,48538129.01623862,16.717081309052844,43413543.223976314
196.12593274149575,35632140.60171943,3.361936475749918e+17,0.004876521272721236,46010580.51713238,16.298288243133005,43510091.56393694
198.63049437501192,37901806.61051057,3.433293820747588e+17,0.005187141807635387,46987158.41834681,15.889990525782142,43585065.90542558
201.16703968803668,35752798.84780412,4.907818335927474e+17,0.004893034243702632,67167114.05389653,15.491924625798035,43924772.07294707
203.73597711761548,34251081.43775845,3.408349499402273e+17,0.004687513139103316,46645776.98119523,15.103827728949794,44248452.484739475
206.33772031660524,36123370.358879074,3.595352490959744e+17,0.0049437496884192555,49205050.85863528,14.725456944197301,44340798.04671409
208.97268822028045,34179023.85282373,2.5875447020448883e+17,0.004677651527090644,35412457.883684196,14.356567704654822,44288779.9902701
211.64130511378988,38858437.32157671,3.5694728472661914e+17,0.0053180637767866685,48850868.84523144,13.996927336529327,44235792.42973948
214.34400070047698,34254102.61953695,6.077999208663967e+17,0.004687926610114678,83181902.451301,13.646299335147882,44784328.19550333
217.08121017106933,32683348.5682815,3.5193125112581696e+17,0.004472957331934668,48164387.647472136,13.304447273202003,45305003.77647438
219.85337427375504,34747395.134468414,3.75736034064468e+17,0.004755437329429177,51422247.782522276,12.971162673034874,45417736.80563331
222.66093938515175,32610427.260265827,5.2353558393763405e+17,0.004462977513047336,71649706.38826032,12.646229783797457,45823256.75285464
225.5043575821821,31237880.588008564,3.7726247847983725e+17,0.004275134376709288,51631152.96019256,12.329433478422755,46218032.79028695
228.3840867148691,32711900.5300192,3.897801793255235e+17,0.004476864878504718,53344292.65454492,12.020576074430615,46375283.07444034
231.30059048005768,31073423.623844527,3.575767281581064e+17,0.004252627228088686,48937012.82175903,11.7194581075982,46494349.58572806
234.2543384960816,33401736.201796312,3.893958132901156e+17,0.004571273978583895,53291689.32742154,11.425887174920009,46610469.80563893
237.24580637838,31003093.457333285,5.55631432033345e+17,0.004243002026029129,76042259.94697666,11.139672754839845,47064761.8982104
240.27547581608297,29607361.68230163,3.88249693963566e+17,0.004051985837357421,53134834.44352702,10.860624174675337,47502074.81015262
243.34383464957307,31142703.209546793,4.021110480737935e+17,0.0042621086504151945,55031862.99824664,10.588568630309762,47667147.78958625
246.45137694903707,29439703.073659733,3.5235555664803456e+17,0.004029040520073913,48222456.98796883,10.323330287083799,47765841.64186251
249.59860309402328,32188147.47634707,3.989691600177067e+17,0.004405185409779183,54601872.442437135,10.064740474510044,47857723.11107678
252.78601985401127,29378091.526935864,5.907008873232893e+17,0.004020608525442928,80841773.58427712,9.812630577750843,48357589.67199217
256.0141404700141,27975250.173505694,3.940022794293522e+17,0.003828619338525396,53922118.19699592,9.566831171855508,48832186.90034598
259.2834847372203,29574333.623972766,4.094756910565863e+17,0.004047465703952088,56039768.71384806,9.327191698319881,48986438.83226396
262.59457908869064,27812661.543420758,3.200049485984414e+17,0.003806367885204808,43795037.65039203,9.09355710896037,49008794.75638065
265.94795668012716,31449611.685196016,4.021116960207846e+17,0.004304111339139701,55031951.67457179,8.865780515312652,49019829.5384193
269.34415747572007,27770977.730156355,6.405732009946701e+17,0.0038006631478895822,87667167.58057772,8.643711694569925,49581991.4849554
272.7837283350953,26385368.57249889,3.919276698459357e+17,0.0036110323140724327,53638192.57267815,8.427199105863831,50107303.23024148
276.26722310136944,28054802.898890544,4.094242740407663e+17,0.0038395067157946544,56032731.91596862,8.216112692888073,50225977.98121819
279.79520269032946,26244162.615974944,5.9986431211941576e+16,0.003591707237352491,8209585.585928744,8.010315679498056,49768482.01059126
283.3682351807538,35899592.7391265,3.9120665684157165e+17,0.004913124070517712,53539516.624662824,7.8096893737945265,49298616.68132313
286.9868959058826,26240057.28171312,9.004922800606079e+17,0.0035911453920768116,123239010.77739073,7.614090407440397,50283742.05615868
290.6517675460606,24894059.797883395,3.87956716243146e+17,0.003406935708008373,53094738.28141228,7.423374234392059,51227491.02515763
294.36344022256014,26471135.99602193,3.6141122210801024e+17,0.0036227702186230337,49461791.602967724,7.237437704846796,51228474.58213121
298.1225115926017,25539852.248434406,5.306980240505293e+17,0.003495317168389196,72629939.14961848,7.05616169629225,51476333.36809159
301.92958694559195,23799623.57802244,4.2369493627436186e+17,0.0032571540384914136,57985777.3065279,6.8794237493495265,51821777.67681704
305.7852793005853,24980255.84329444,4.0124035619905786e+17,0.003418732272625968,54912702.39275305,6.707113805372444,51937494.38477676
309.6902095049952,23680948.316697676,3.603801491553448e+17,0.0032409124536013937,49320681.66394941,6.53912159899046,51941540.41432362
313.64500633456146,25722435.07933115,4.0006404038121645e+17,0.003520304975572991,54751714.896288544,6.375340470183455,51944344.21676973
317.6503065945983,23642106.11436859,5.7019141871851757e+17,0.0032355966117030826,78034901.5228621,6.215663471792382,52308276.17032178
321.7067552225325,22556591.273608584,3.9751374633977446e+17,0.0030870358987223605,54402688.34512518,6.059982450706592,52654985.50357798
325.81500539175073,23794368.737183925,4.1213581356367584e+17,0.003256434874761673,56403826.10065689,5.9082029747584945,52724014.37406817
329.97571861677676,22436230.028509066,3.420537768097792e+17,0.003070563574516537,46812582.42865822,5.760226752916685,52695290.48503358
334.1895648597864,25053979.307653632,4.076893121610205e+17,0.003428821872525811,55795289.58522264,5.615960916102602,52661138.18691424
338.4572226384877,22406385.83081636,6.137904597536951e+17,0.003066479175924195,84001751.88570642,5.475310172966687,53095337.35923528
342.7793791353757,21316231.973533936,4.00866155430465e+17,0.002917283579313861,54861490.257374816,5.338177647767199,53502396.821040764
347.15673030838207,22617238.022946447,4.1744790211393466e+17,0.0030953358537144896,57130824.60202298,5.204481956427521,53565069.139418855
351.58998100294156,21200875.10593806,2.3048537810637526e+17,0.0029014961410829218,31543624.110326376,5.07413635931331,53331791.66552843
356.07984506548394,26051827.593171816,4.0655587876428243e+17,0.0035653847707717568,55640170.86439734,4.947063090489912,53089632.21355583
360.62704545838085,21189229.225162394,7.370404618062787e+17,0.0028999023163959097,100869423.78873424,4.823174064287814,53723849.3687362
365.23231437635667,20114426.322238225,3.952649735649678e+17,0.002752807611121893,54094927.20339541,4.702379471335533,54315498.24326984
369.89639336438637,21491735.995811835,4.1462084564889645e+17,0.0029413025993231447,56743921.071723215,4.58461245278563,54343372.44566562
374.62003343710234,20016752.87162224,5.478456148494194e+17,0.0027394402789418567,74976713.4352664,4.469796395787863,54633428.54261824
379.4039951997204,19136283.237096604,4.073796234750485e+17,0.002618941514897853,55752906.40420795,4.357853517200464,54900821.33841661
384.24904897051596,20035440.55565965,4.130246192853206e+17,0.0027419978263473004,56525465.71971216,4.248715901170324,54931915.31715528
389.1559749048603,18987935.040678665,3.9329294415599904e+17,0.002598638969965512,53825040.43260724,4.142312922787739,54937798.521981716
394.12556312084064,20202012.614832826,3.2904616623042464e+17,0.00276479444132136,45032394.973559454,4.0385766397250284,54799045.79088975
399.1586138264888,20136541.00522684,5.168661733353806e+17,0.0027558341686121906,70736948.35213964,3.9374418718829376,54878412.8340242
404.2559374486281,18184659.152797956,4.5870196057448403e+17,0.002488704739549804,62776746.80236496,3.838837991576101,55175445.39822152
409.4183547633718,19106651.750797104,4.015393853061463e+17,0.002614886227428683,54953626.73176987,3.742703321581667,55267285.864689246
414.6466970282842,18104458.694657274,3.493411188576761e+17,0.002477728715275075,47809908.941128545,3.6489775614987736,55169349.576797456
419.94180611622954,19931703.393459532,3.976899997937026e+17,0.002727800630509557,54426809.930383794,3.5576019497317275,55068360.57705084
425.3045346509337,18091659.92333677,5.629328926218136e+17,0.002475977109013,77041518.68586604,3.468516085781657,55337436.00889896
430.7357461442714,17287118.119921833,3.9186207783529043e+17,0.0023658696287187308,53629215.822198644,3.381658128391977,55586116.08557943
436.236315135313,18249892.59106057,4.044686325914908e+17,0.002497632416753824,55354515.829613015,3.2969770619301006,55558832.0838237
441.8071273311406,17217496.873622924,2.902406884951077e+17,0.0023563414476194,39721579.10679528,3.2144179033618974,55356594.02074658
447.44907974946784,20077599.817584213,3.956432039028888e+17,0.0027477676323186943,54146690.8150593,3.133930796690062,55146679.74818971
453.16308086307794,17225800.977777608,6.256223761990029e+17,0.00235747792552607,85621036.92635368,3.0554605933670875,55518485.45785192
458.95005074610515,16443895.516061382,3.850372124810506e+17,0.002250468395564457,52695182.65659639,2.9789505906243536,55857667.562917404
464.8109212221893,17454570.293281276,3.9875206606608e+17,0.0023887866938111187,54572161.53381898,2.9043582874489617,55802084.98500971
470.74663601451516,16400597.042554215,5.052535893743778e+17,0.0022445426800848803,69147680.57981953,2.8316351191154707,55955048.85481283
476.7581508977752,15769648.514313776,3.90955328320569e+17,0.0021581927199646575,53505120.462703034,2.7607314584459535,56088407.7038813
482.8464338520678,16448167.891529186,3.937011491330902e+17,0.0022510531016613116,53880906.29474182,2.691604690316378,56028410.65126187
489.01246521876084,15706012.893533645,3.8168924670358285e+17,0.002149483715869008,52236988.84453627,2.6242100666312966,55953867.27548843
495.2572378583509,16541937.151632491,3.788630622781354e+17,0.002263886116571424,51850204.65928687,2.558504483587419,55855847.85182663
501.58175731033043,15769604.543421673,4.724861488860824e+17,0.002158186702223733,64663214.64834841,2.494445528580288,55917030.363282286
507.9870419551044,15190829.040739812,3.770837414599934e+17,0.0020789770054921866,51606691.480619,2.4319895319598377,55971572.04032188
514.4741231779694,15912638.104609622,3.8985985708784256e+17,0.002177761900122802,53355197.14404092,2.371098898858668,55884238.32058212
521.0440455351866,15184072.28910558,3.52434127902772e+17,0.0020780522941915907,48233210.043740414,2.311734115563244,55756278.395061
527.6978669221809,16544036.829066193,3.928918766678008e+17,0.00226417347291596,53770151.388475515,2.2538580781273003,55637571.62507671
534.4366587438807,15231217.71423009,5.3074728546952346e+17,0.0020845044933760558,72636680.93817209,2.197432425944652,55828666.25983943
541.2615060872391,14620727.496303206,3.9476207431348045e+17,0.0020009544039277386,54026101.731321596,2.142417471195345,56015199.90944168
548.1735078959555,15412883.4760426,4.102650840578672e+17,0.002109366792891148,56147802.96882902,2.088781479956005,55992107.33264262
555.1737771474255,14615280.873825049,3.320502029136952e+17,0.0020002089934659847,45443519.55217365,2.0364895429426806,55861037.045892045
562.263441031959,16658745.089841576,4.111951912936748e+17,0.002279872144519232,56275095.00474754,1.9855101730037283,55736558.21528823
569.4436411342756,14673597.965190405,5.994335491139387e+17,0.0020081901175804493,82036902.76457472,1.9358083670044528,56074888.06487038
576.7155336173294,14031056.44131315,4.105356221952233e+17,0.0019202535704945594,56184828.10848161,1.8873475626148206,56399505.52680287
584.0802894084699,14912968.806167433,4.29379787532388e+17,0.00204094978282597,58763791.13404077,1.8401015795345497,56426644.389902145
591.539094387991,14028621.293398235,5.3416627514838554e+17,0.0019199203025401573,73104594.89502768,1.7940395247370284,56666037.01270249
599.0931495800799,13467443.91057652,4.3331080981705446e+17,0.001843119038319504,59301780.52987831,1.7491292779548304,56903934.15689397
606.7436713462063,14102705.244886486,4.436351518041447e+17,0.0019300592377626533,60714742.8856809,1.705344590964296,56981838.78318356
614.4918915809853,13428247.930094223,4.218654344961622e+17,0.0018377547792713719,57735396.493329115,1.6626570364996869,57037815.754818365
622.3390579105346,14434985.492060756,4.460961052910035e+17,0.0019755342405687495,61051542.5229518,1.6210397907164522,57097110.42751384
630.286433893372,13431641.90504618,5.6193657580779085e+17,0.0018382192697783358,76905165.38079074,1.5804654282934645,57396106.46560102
638.335299223873,12858149.888957426,4.478796052980386e+17,0.001759732657159344,61295627.6544464,1.5409051321008136,57688166.99773747
646.486949938327,13528414.161396205,4.587819706064937e+17,0.0018514632668756464,62787696.76541903,1.5023363690566511,57797381.19067943
654.7426986236306,12822553.695245786,4.2459553447639264e+17,0.0017548610554836833,58109030.81350822,1.46473403654048,57863441.04988068
663.1038746286366,14029226.891737498,4.591357843816847e+17,0.0019200031831399268,62836118.79037078,1.4280748720713485,57929199.919404745
671.571824278211,12833053.868463889,5.915591459795406e+17,0.0017562980816404241,80959232.61211067,1.3923343527847254,58280680.96887554
680.1479110900186,12243591.536264628,4.6464720814287104e+17,0.0016756258134607556,63590397.785697535,1.3574864108405265,58629983.557229646
688.8335159940754,12865039.033295874,4.113204206282941e+17,0.0017606754873780728,56292233.56291236,1.3235118022523509,58662264.46359449
697.6300375551118,13019669.542072222,3.952819544282577e+17,0.0017818378130965333,54097251.15979163,1.2903898995894287,58575196.26598659
706.5388921977661,13902096.709486458,5.235364254273464e+17,0.0019026044799555829,71649821.55233449,1.2580997951491604,58684305.0445107
715.561514434663,12283695.923575062,6.357707594081631e+17,0.001681114394683949,87009918.0254816,1.226617569166383,59202889.68049989
724.699357097398,11694810.59945063,4.671658366847554e+17,0.0016005210943154731,63935090.67967397,1.1959204922031004,59608760.63593228
733.953891570472,12474829.643031219,4.842686047552921e+17,0.001707272454040543,66275730.644323334,1.1659930054119052,59746688.95565787
743.3266080282203,11679997.10161978,1.1155090044153125e+17,0.0015984937578693416,15266563.552123109,1.136815438215177,59267120.00416543
752.8190156747554,18004057.613433145,4.760834388829264e+17,0.002463988086726645,65155530.31890654,1.1083785995172353,58793553.92641304
762.4326429869864,11730786.122822769,9.700556318500223e+17,0.0016054446100532015,132759268.58605297,1.080654318377323,59805406.31110814
772.1690379607331,11120589.036371492,4.781417997800565e+17,0.0015219346378095306,65437232.19065174,1.053613046564256,60784706.032944776
782.0297683599842,11993310.893347181,4.991276078894381e+17,0.0016413730613463236,68309294.82686919,1.0272498766335503,60937509.389791206
792.0164219693451,11110793.462255428,6.072149706062656e+17,0.0015205940412371989,83101847.69346601,1.0015473136229043,61308762.74984718
802.1306068496982,10593962.23731632,5.001862961063754e+17,0.001449861875830877,68454184.11850004,0.9764864434824966,61670187.81043734
812.3739515971412,11179713.61443901,5.091467216957945e+17,0.0015300262724354057,69680484.45470071,0.9520537116012369,61855652.6725832
822.7481056052187,10552037.39353259,4.798736224859742e+17,0.0014441241517111813,65674244.90230403,0.9282331619972094,62001222.27353905
833.2547393305148,11566708.733104302,5.0794587844502304e+17,0.0015829894089953098,69516140.19811939,0.9050102203767137,62141708.71425135
843.8955445616292,10551927.06308341,6.267203125217645e+17,0.001444109052175387,85771297.6107702,0.8823692073503894,62531470.582046635
854.6722346915883,10039935.39662952,5.05097925419247e+17,0.0013740392160455329,69126376.8193445,0.8602929498550534,62903966.283966556
865.5865449937432,10648126.103510873,5.135605081065495e+17,0.001457274600445514,70284543.68217961,0.8387700852579105,63074499.0897132
876.6402329011787,10009187.073603164,4.63111676178848e+17,0.001369831081232232,63380248.909962,0.8177865024740318,63168120.536670655
887.8350782897021,11304160.67558384,5.0786109216005325e+17,0.0015470577707050075,69504536.56961691,0.797329899760769,63250658.386810616
899.1728837644389,10027211.63007178,6.463520498754516e+17,0.001372297874738495,88458045.6761141,0.7773859282965015,63646363.88390929
910.6554749500871,9533489.543835577,4.996380054885545e+17,0.0013047283654223196,68379146.50312567,0.7579387111871857,64014949.63217648
922.2847007848869,10166548.848364634,5.071886586239321e+17,0.001391367200847242,69412509.08016466,0.7389790790855519,64137343.212167695
934.0624338183321,9526929.150041062,3.629866723530794e+17,0.0013038305271404727,49677403.589911416,0.7204945371617312,64020692.32309353
945.9905705126959,12066333.52560832,4.936562260162126e+17,0.0016513667472040393,67560495.85926864,0.7024764973707492,63886750.01011499
958.071031548398,9578827.933424188,7.235005237250463e+17,0.0013109332584645612,99016383.38842577,0.6849100115053346,64375443.535413995
970.3057621332723,9119351.258839013,4.8585266828029306e+17,0.0012480504863353534,66492521.422159344,0.6677786982825303,64833423.297101595
982.6967323157927,9707308.770391108,4.562903444910847e+17,0.0013285168087095326,62446699.35268224,0.6510769156374935,64823984.77313971
995.245937302284,9544552.836351564,5.5498225891621395e+17,0.0013062424586086814,75953415.81743774,0.6347943890773903,64934719.85345201
1007.9553977781998,8842031.775931293,5.085069181113653e+17,0.0012100972695231619,69592922.614824,0.6189184017483894,65130640.34621948
1020.8271602334913,9331476.82029758,4.956323039853718e+17,0.0012770814341109334,67830936.70538202,0.603439903277146,65220244.91101018
1033.863297292133,8884791.09009256,4.786963424782459e+17,0.001215949197069281,65513125.4493414,0.5883493484151838,65256441.41354454
1047.0659080458652,9709395.154384078,5.113511107050118e+17,0.0013288023457486487,69982171.35072407,0.5736376143020364,65319224.60670757
1060.4371183921837,8965165.418529885,6.193472658523771e+17,0.0012269490167766152,84762241.78867067,0.5592946668312279,65622438.94894149
1073.9790813766626,8570419.761649298,5.273427909836951e+17,0.001172925161892084,72170750.75540325,0.5453091944236524,65943301.18157393
1087.693977539631,9131560.828705994,5.477039849475305e+17,0.0012497214560324207,74957330.33849613,0.5316744840167499,66134493.16186242
1101.5840152672934,8615087.432811735,5.1381698384619514e+17,0.001179038262170321,70319644.27897786,0.5183815148979865,66297110.08455763
1115.6514311473234,9745173.88913194,5.649513559718428e+17,0.001333698929511584,77317760.28399642,0.5054227285183245,66486152.302814156
1129.8984903289968,8705991.163925616,7.041370897506333e+17,0.0011914791083013888,96366354.61960684,0.4927888126457375,66997771.487932384
1144.3274868879375,8261791.349748354,5.818850569486456e+17,0.0011306870872048592,79635262.1697881,0.48046895677592794,67522763.02960624
1158.9407441955018,8915387.591175346,6.068822914972325e+17,0.0012201365539297286,83056318.10347243,0.4684581989888075,67869430.49092527
1173.740615292898,8308061.403521585,5.096856107964669e+17,0.0011370194853629488,69754235.40310541,0.45674848811324664,68082275.44395168
1188.7294832700727,10363642.635764705,6.245893095995907e+17,0.001418340939464878,85479654.14207244,0.4453347269008301,68322457.7632672
1203.9097616494337,8412184.262228362,8.456176809289275e+17,0.0011512694666126198,115729017.11776826,0.43420712160665664,69133823.98896427
1219.283894774487,7908729.044703111,6.423798238590465e+17,0.0010823679064855835,87914417.24565934,0.4233541725361799,69950748.86429492
1234.8543582034176,8688192.287658002,6.741292792620044e+17,0.0011890432007953052,92259564.40929528,0.41277367811607024,70455694.5864793
1250.6236591077145,7956052.252112857,7.897795290840739e+17,0.0010888444364871488,108087154.16194776,0.40245838827492725,71201656.93926606
1266.5943366758743,7495338.430710693,6.993294624895534e+17,0.0010257923516905387,95708395.36669461,0.39239954994245424,71969896.37805474
1282.7689625222608,8077355.46045748,7.23640885552544e+17,0.0011054456753112158,99035592.93986197,0.3825929984970528,72606719.88433327
1299.150141101197,7501495.685627074,7.07909682385006e+17,0.0010266350174432622,96882661.74918585,0.373032190412706,73241862.54103611
1315.7405101263269,8467705.238122193,7.505267906186198e+17,0.0011588679216999755,102715127.36515988,0.36371165570876574,73907827.0580828
1332.5427409953516,7548892.913450811,8.899686276306194e+17,0.0010331216776844746,121798771.317315,0.3546247479286355,74870346.6120397
1349.559539220177,7030865.131050002,7.782741854312476e+17,0.0009622257545634188,106512563.01683234,0.34576309227759816,75853594.40482038
1366.7936448625537,7693501.026869277,8.07301777715055e+17,0.0010529123646705718,110485203.13548505,0.33712376440658187,76671978.57735877
1384.2478329752942,7026847.638686074,7.738577994067156e+17,0.00096167593109941,105908148.01303264,0.3287009107684609,77461601.83638243
1401.9249140491033,8316861.34835792,8.372412183732554e+17,0.0011382238227243444,114582636.43018991,0.32049021823042384,78283830.54109535
1419.8277344651358,7072533.500298323,8.635242295868035e+17,0.000967928378251125,118179660.38467702,0.31248533073986356,79238808.93650822
1437.9591769533197,6485787.380205484,6.462110642733727e+17,0.0008876278437336645,88438750.75652534,0.3046779074691645,79839632.17278315
1456.322161056532,7250509.331822781,8.290356039984433e+17,0.0009922856835884696,113459637.57638016,0.2970664527202522,80370612.24676988
1474.9196436007164,6465895.224383016,8.168582665145068e+17,0.0008849054554799577,111793079.11868659,0.2896456847988808,81178786.46184386
1493.7546191709826,8575774.572309606,9.342504775850707e+17,0.001173658007229339,127859069.11732736,0.28241318021482437,82148537.94453464
1512.8301205938087,6506449.998909804,1.180483232072881e+18,0.0008904556755158753,161557837.84194922,0.2753619412703657,83718925.07444568
1532.1492194253792,5835396.33436956,9.670343296645851e+17,0.0007986170316677386,132345781.09611271,0.26848271757801917,85301175.22205725
1551.7150264461795,6735707.734921904,1.0105590594996714e+18,0.000921831287750212,138302461.42308697,0.2617762926970292,86555189.19683535
1571.5306921618928,5789842.105951159,1.159154656652824e+18,0.0007923825994895603,158638864.97093043,0.2552378279865587,88108364.82178816
1591.5994073106929,5159467.437465933,1.0535862879407622e+18,0.0007061111763097678,144191055.0146011,0.24886051321561012,89693635.79913706
1611.924403377031,5818162.227008275,1.0894473739779852e+18,0.0007962584169523596,149098909.15892848,0.24264307213125572,91121187.31775457
1632.5089531119595,5040089.4271237785,1.078558268565253e+18,0.0006897734150330692,147608654.76249376,0.23658121548447344,92555278.10599221
1653.3563710601256,6134461.916640903,1.1358503961600084e+18,0.0008395463625823845,155449505.02456874,0.23067182752896565,94033744.12078884
1674.4700140934772,4950211.448839588,1.3152046230204984e+18,0.0006774729507429478,179995453.93103004,0.22491034583953096,95882284.17560232
1695.8532819517848,4222983.451508878,1.1845447153743437e+18,0.0005779464350968308,162113681.79024768,0.21928997011380277,97764628.12033895
1717.5096177900828,4949478.853461551,1.227776458295103e+18,0.0006773726896616609,168030264.69685322,0.21381045167793877,99451773.99983253
1739.4425087330762,4027514.027000215,1.198982537091284e+18,0.0005511950025225814,164089604.1891119,0.20846789306538963,101120615.18979844
1761.6554864366526,5438714.174562488,1.2814797959538752e+18,0.0007443281520735992,175379962.5843974,0.20326007959084688,102840936.3421487
1784.1521276565486,3850820.7632319126,1.5077047345845596e+18,0.0005270132260432,206340514.12643287,0.19818243470377633,105049100.42149593
1806.9360548242762,2985738.1282691173,1.3377917337865871e+18,0.0004086202863876397,183086666.64741752,0.19322783364768548,107294181.98217599
1830.010936630423,3770643.0728078103,1.3921889694047252e+18,0.0005160403176984253,190531329.58906183,0.1883972719332404,109287360.1213733
1853.380488615375,2629162.631633524,1.311970959087729e+18,0.0003598202994850649,179552903.1695352,0.1836871283508418,111184849.20985033
1877.048473767608,4734456.197271157,1.4585952089707018e+18,0.0006479452531023518,199619513.30231538,0.17909670575706257,113151128.26944001
1901.0187031296027,2223260.4816549644,1.7796840166356877e+18,0.000304269596227057,243562885.06077334,0.17462056972378792,115872054.77393435
1925.2950364114977,1085000.0361625783,1.5375683624963095e+18,0.0001484902581742396,210427571.8875726,0.17025035950355769,118654090.58413142
1949.881382612596,1779328.7460843897,1.6265369426302298e+18,0.00024351426366526582,222603578.33288646,0.16598892242466948,121107399.66971819
1974.7817006507814,0.0,1.7268929628082908e+18,0.0,236338039.94478136,0.16183238656920074,123824003.62423423
2000.0000000000002,0.0,0.0,0.0,0.0,0.15777697883752462,123663505.87329763
