R_kpc,Sigma_bar,Sigma_eff,kappa_bar,kappa_eff,kappa_bar_mean,kappa_eff_mean
1.0,39625486921.47069,39663407751.38431,18.25958847661102,18.277062552078828,0.0,0.0
1.0120606264911474,39625531510.19401,39663444591.91272,18.25960902327939,18.27707952834689,0.43260257796368945,0.43301652753955616
1.0242667116936537,39625580610.813156,39663482437.434906,18.259631649048032,18.277096967720244,0.8549565381213131,0.8557745262198565
1.0366200099307066,39625619176.34126,39663521313.86931,18.259649420203097,18.277114882142218,1.2673046552015093,1.2685170500650251
1.0491222966837304,39625666283.925674,39663561247.872894,18.259671127573085,18.27713328389645,1.669883975280787,1.6714813950013363
1.0617753688475675,39625714621.109604,39663602266.211876,18.259693401547622,18.277152185316925,2.0629259917455327,2.0648992352814606
1.0745810449887383,39625764316.81134,39663644396.57493,18.259716301532787,18.277171599162696,2.446656674520625,2.4489967566776465
1.0875411656068144,39625814844.46308,39663687667.43377,18.259739584883963,18.27719153855365,2.8212966377068924,2.823994786522936
1.1006575933989453,39625865843.24486,39663732107.89159,18.25976308533381,18.277212016900656,3.1870612638237423,3.1901089206699074
1.113932213527575,39625920606.20778,39663777747.551094,18.259788320333918,18.277233047844767,3.544160848718726,3.547549647439965
1.127366933891388,39625973255.2474,39663824616.989914,18.25981258122941,18.27725464547628,3.8928006915434286,3.896522468637979
1.1409636853995222,39626027282.43896,39663872747.79836,18.259837477183027,18.27727682435214,4.233181214827204,4.237228017702633
1.1547244222490889,39626084649.88922,39663922172.07896,18.25986391234169,18.27729959926532,4.5654981224532865,4.569862175055024
1.1686511222060412,39626144358.48786,39663972922.5994,18.259891426311217,18.27732298531532,4.889942486889399,4.894616180712603
1.1827457868894284,39626200933.043915,39664025033.301445,18.25991749610094,18.277346998142626,5.206700818267187,5.211676744238696
1.19701044205908,39626262394.61887,39664078539.0242,18.259945817849218,18.27737165380126,5.515955222298031,5.521226152088369
1.2114471379067577,39626325515.32093,39664133475.247475,18.25997490413013,18.277396968640453,5.817883516079186,5.823442372408172
1.2260579493508208,39626390953.60426,39664189878.419235,18.260005058362093,18.27742295945559,6.112659290004126,6.11849915735338
1.2408449763344431,39626455118.3587,39664247785.993416,18.260034625746666,18.277449643505584,6.400452005651852,6.406566142983149
1.2558103441274293,39626524037.568794,39664307236.209526,18.260066384004094,18.277477038411373,6.681427123369996,6.687808946787983
1.2709562036316695,39626590396.16889,39664368268.53545,18.260096962321835,18.27750516235992,6.955746175992117,6.9623892629078235
1.2862847316902777,39626661616.37685,39664430923.43843,18.260129780888608,18.277534033998684,7.223566870416929,7.230464955095395
1.3017981314004599,39626735561.947235,39664495242.15058,18.260163855313678,18.27756367232761,7.485043205725898,7.492190147474555
1.3174986324301545,39626807994.480606,39664561267.182274,18.260197232525027,18.277594096935648,7.740325497620953,7.747715313149973
1.3333884913384921,39626885641.40006,39664629041.97266,18.260233012547076,18.277625327839736,7.989560514501486,7.997187360718329
1.34946999190012,39626960691.85407,39664698611.323006,18.26026759610709,18.27765738568449,8.232891541171064,8.240749718730433
1.3657454454334392,39627041074.41095,39664770021.152916,18.260304636722193,18.277690291629845,8.47045846891738,8.478542418153255
1.3822171911327976,39627124745.246574,39664843318.22778,18.26034319258976,18.277724067225492,8.70239790654952,8.710702172875477
1.3988875964046932,39627206134.83496,39664918550.856255,18.260380697249154,18.277758734732256,8.928843184695486,8.937362458308089
1.415759057208029,39627293127.89099,39664995768.46667,18.26042078400964,18.277794316926922,9.149924488220066,9.158653588124237
1.4328339983984741,39627378428.231606,39665075021.83608,18.260460090759853,18.277830837207762,9.365768920391451,9.374702789179945
1.4501148740769754,39627468998.273766,39665156363.11981,18.260501825810366,18.277868319608167,9.576500571818542,9.585634274661205
1.467604167942475,39627562086.29485,39665239845.70809,18.26054472115599,18.27790678873058,9.78224061584842,9.791569315497483
1.4853043936488803,39627656374.9362,39665325524.39872,18.26058816975241,18.277946269826046,9.98310733284998,9.992626310083486
1.5032180951663396,39627755929.476234,39665413455.151146,18.260634044896747,18.277986788680916,10.179216216094499,10.188920852348641
1.5213478471468749,39627851661.58541,39665503695.83401,18.260678158649114,18.278028371961298,10.370679994761524,10.380565798216708
1.5396962552944244,39627954624.783104,39665596305.757835,18.26072560451702,18.278071046997727,10.557608738660882,10.5676713304923
1.5582659567393489,39628058569.27669,39665691345.46178,18.260773502570135,18.278114841686897,10.740109935507236,10.750345022206433
1.5770596204174525,39628164557.97738,39665788877.35967,18.26082234260235,18.278159784789363,10.918288498364857,10.928691898463693
1.5960799474535783,39628273473.048805,39665888965.44687,18.260872531118316,18.278205905794444,11.09224686533129,11.102814496826033
1.615329671549826,39628385738.02868,39665991675.34213,18.260924263285972,18.278253234939537,11.262085054674554,11.272812926264605
1.6348115593784562,39628500453.72279,39666097074.63616,18.2609771247529,18.278301803370724,11.42790071241115,11.438784924717064
1.65452841097953,39628618999.733,39666205232.33613,18.261031751245344,18.278351642886786,11.589789173845615,11.600825915280065
1.6744830601633456,39628745472.14637,39666316218.71019,18.26109003025719,18.278402785867588,11.747843545597167,11.759029061066602
1.6946783749177292,39628861434.63432,39666430107.08612,18.261143466251884,18.27845526610287,11.902154649407134,11.91348531877272
1.7151172578202367,39628989459.09052,39666546972.63992,18.261202460451493,18.278509118234044,12.052811179203564,12.06428349097821
1.7358026464553273,39629118705.26616,39666666891.775475,18.26126201762448,18.27856437746833,12.199899790542155,12.211510277198279
1.7567375138365704,39629251834.39522,39666789943.2878,18.261323364078486,18.278621080114814,12.343505041748882,12.355250323728683
1.7779248688339402,39629387660.62478,39666916208.04,18.261385953367572,18.278679263435535,12.48370949573932,12.495586272314506
1.7993677566062685,39629526965.02088,39667045769.13243,18.261450145410205,18.278738965723484,12.620593757220574,12.632598807665076
1.8210692590389104,39629669769.66889,39667178711.86958,18.261515950383412,18.278800226287327,12.754236525589242,12.766366703843863
1.8430324951866892,39629816847.99441,39667315123.826675,18.261583724684915,18.278863085482087,12.88471464007935,12.896966869559552
1.8652606217221832,39629967296.389404,39667455094.842285,18.261653051928388,18.278927584705748,13.012103118700441,13.024474392384366
1.88775683338942,39630122561.024536,39667598717.05842,18.261724598515265,18.278993766417734,13.136475205189688,13.148962581924998
1.9105243634630407,39630278519.04608,39667746085.4662,18.26179646461747,18.279061674390345,13.25790239321576,13.270503011973913
1.9335664842130058,39630439860.82207,39667897297.60612,18.261870811576017,18.27913135357064,13.376454486020583,13.38916556166339
1.9568865073748998,39630607691.16384,39668052453.32194,18.261948148492554,18.279202849967046,13.49219966459881,13.505018455641498
1.9804877846259143,39630776005.83589,39668211655.42409,18.262025708590482,18.27927621095503,13.605204467638503,13.618128303298594
2.0043737080665673,39630952979.26084,39668375009.224556,18.26210725867761,18.27935148506279,13.715533869717298,13.72856013706552
2.0285477107082346,39631129077.51206,39668542623.16609,18.26218840548106,18.279428722261198,13.823251298048342,13.836377449805328
2.0530132669665586,39631310659.71762,39668714608.96561,18.262272079313377,18.27950797402987,13.928418660330518,13.941642231323382
2.0777738931608125,39631499638.47295,39668891081.03429,18.26235916150646,18.279589293089952,14.031096442565362,14.04441500401005
2.102833148019282,39631691289.74232,39669072156.97443,18.26244747520508,18.279672733633067,14.131343682168993,14.14475485763852
2.1281946331907466,39631892247.059494,39669257957.612434,18.26254007716907,18.279758351336525,14.229218028650354,14.2427194833411
2.153861993762124,39632091571.548065,39669448607.138626,18.26263192671888,18.279846203427745,14.324775741622053,14.338365206781468
2.1798389187823672,39632305787.389046,39669644232.51486,18.262730638265545,18.279936348411265,14.418071779192537,14.431747020538575
2.206129141792668,39632508547.855156,39669844965.52252,18.26282407112803,18.280028847012503,14.509159742393827,14.522918615731273
2.232736441363065,39632727402.42487,39670050941.8214,18.26292492022011,18.28012376174405,14.598091970682427,14.611932412899709
2.2596646416355184,39632952654.174255,39670262299.418106,18.263028717159074,18.280221156199918,14.684919659731365,14.698839592141525
2.2869176128735367,39633182350.29024,39670479180.578384,18.263134562080573,18.280321095936753,14.769692728958232,14.783690122536296
2.314499272018431,39633414787.61272,39670701732.0157,18.263241670161374,18.280423648560735,14.8524598951518,14.866532790884238
2.3424135832522777,39633652118.13849,39670930104.93008,18.263351033050522,18.28052888374545,14.933268723489107,14.947415229765301
2.3706645585676736,39633899645.79426,39671164454.47301,18.2634650948194,18.280636872985358,15.012165693045313,15.026383944930739
2.399256258344359,39634153684.87834,39671404940.09595,18.263582157081412,18.280747689756346,15.089196190262275,15.103484342044784
2.4281927919327986,39634414983.272064,39671651725.80794,18.26370256446337,18.280861409634458,15.164404510404369,15.178760752796004
2.4574783182447963,39634681829.32024,39671904980.21092,18.26382552822747,18.28097811031217,15.237833893960502,15.252256460391665
2.4871170463512398,39634952838.69346,39672164877.16565,18.263950410468997,18.281097871905235,15.309526540085868,15.324013724451948
2.5171132360870474,39635231260.98266,39672431595.792496,18.264078708612907,18.28122077695306,15.379523658495543,15.394073805317946
2.547471198663417,39635519006.95907,39672705320.11106,18.264211303150493,18.281346910252644,15.447865510697447,15.462476987781843
2.578195297287452,39635815079.310135,39672986239.09399,18.264347734516004,18.281476358883364,15.514591409223382,15.529262604253175
2.6092899477892684,39636117998.366684,39673274547.41344,18.26448732087176,18.28160921255095,15.579739721684197,15.594469057380673
2.6407596192566607,39636423375.02881,39673570446.209785,18.264628039702338,18.28174556394173,15.643347874562677,15.658133842146375
2.6726088346774195,39636741130.71492,39673874142.35635,18.26477446283844,18.281885508383784,15.70545243830841,15.720293567436485
2.7048421715894047,39637064538.70736,39674185848.70931,18.264923490580703,18.282029143962113,15.766089133845561,15.780983977098508
2.7374642627384485,39637399832.088394,39674505784.41929,18.26507799515925,18.282176571662237,15.825292833535135,15.840239970502605
2.770479796744201,39637741013.59155,39674834175.40243,18.26523521300886,18.28232789558725,15.88309758443654,15.898095622620064
2.803893518774003,39638091361.54256,39675171254.791275,18.265396654795598,18.2824832231656,15.939536612435202,15.954584203631141
2.837710231224885,39638453778.97059,39675517262.160034,18.265563658247334,18.28264266479406,15.994642389965332,16.009738198066508
2.8719347944137956,39638823772.899345,39675872444.50627,18.26573415298198,18.282806334290143,16.04844661121013,16.063589323496426
2.9065721272761507,39639201031.84764,39676237056.827446,18.265907995467717,18.28297434915773,16.10098019337188,16.116168548785634
2.941627208072808,39639589954.02555,39676611361.88439,18.266087212417965,18.2831468304781,16.15227334363108,16.16750611191752
2.977105075105571,39639985174.20882,39676995631.018265,18.26626933151516,18.283323903286384,16.202355547908024,16.217631537399274
3.013010827441318,39640396328.58952,39677390143.850555,18.266458793156527,18.28350569643332,16.251255617353277,16.26657365325747
3.0493496256448713,39640815383.44215,39677795188.6364,18.26665189536807,18.283692342748072,16.299001688698834,16.31436060763123
3.086126692520694,39641247907.74064,39678211062.91231,18.26685120435605,18.283883979336693,16.345621219058,16.361019884977797
3.123347313863546,39641688776.13066,39678638073.76005,18.267054358335965,18.284080747703737,16.391141017107596,16.406578321899154
3.161016839218183,39642143258.57272,39679076538.2859,18.26726378572744,18.284282793973084,16.43558725750838,16.451062122597676
3.1991406826482205,39642607441.47215,39679526784.07966,18.267477683129844,18.28449026909948,16.47898550189996,16.4944968739708
3.237724323514275,39643086306.13349,39679989149.30482,18.267698345948936,18.284703328910048,16.52136071244025,16.53690756035101
3.2767733072614837,39643578139.77419,39680463982.81234,18.26792498492743,18.28492213415677,16.56273727751161,16.578318577897765
3.3162932462165258,39644080400.69566,39680951645.641335,18.268156428840086,18.285146851207955,16.603138984441152,16.618753748657237
3.356289820394258,39644595674.61192,39681452511.268074,18.26839386919463,18.285377652163017,16.64258905739971,16.65823633429857
3.396768778314074,39645126954.44373,39681966965.15761,18.268638685141347,18.285614714645853,16.681110200800966,16.696789049523517
3.4377359378261105,39645672504.60487,39682495405.79233,18.268890076914914,18.28585822227879,16.71872458785905,16.73443407516157
3.4791971869474256,39646229194.30586,39683038245.96909,18.26914660183458,18.286108365280338,16.755453839855527,16.77119307096765
3.521158484708249,39646804211.04529,39683595912.792656,18.269411571929457,18.286365340462133,16.791319088306807,16.807087188123493
3.56362586200845,39647391710.22447,39684168848.23606,18.269682293984268,18.286629351487182,16.826340970989865,16.842137081445934
3.606605422484327,39648001387.57131,39684757509.33501,18.26996323583058,18.28690060895943,16.86053965826618,16.876362921310093
3.6501033433858567,39648620922.13049,39685362370.07839,18.270248719921163,18.287179331294926,16.893934827574736,16.909784405301494
3.6941258764645224,39649260374.00844,39685983921.81036,18.270543381994717,18.287465744907085,16.926545678551904,16.942420769604563
3.7386793488718437,39649918939.88577,39686622672.54596,18.27084685187835,18.28776008389134,16.95839100613431,16.974290800119764
3.7837701640687524,39650591851.43653,39687279149.808914,18.271156932307704,18.288062591332814,16.989489129429554,17.00541284332924
3.8294048027459335,39651280882.07729,39687953901.40189,18.27147444048049,18.288373519661246,17.01985791739871,17.03580481692461
3.875589823755259,39651993797.14111,39688647494.73721,18.27180295469433,18.288693130342576,17.04951486791983,17.0654842201835
3.922331865052462,39652722216.2312,39689360519.51329,18.272138613227686,18.289021695112282,17.07847706042919,17.094468144111303
3.9696376446511854,39653472210.17197,39690093588.46857,18.27248421354158,18.28935949632277,17.106761157586394,17.122773281361333
4.017513961588521,39654250175.55142,39690847336.1962,18.272842703210262,18.2897068263972,17.134383495348565,17.15041593591751
4.06596769690221,39655041534.60701,39691622423.47242,18.273207364740376,18.290063989823995,17.161359977300403,17.17741203256501
4.115005814619619,39655852638.41521,39692419538.971245,18.273581124734264,18.290431303946992,17.187706086020523,17.203777126169403
4.164635362758645,39656692538.94329,39693239397.80811,18.27396815437593,18.290809098294346,17.213437021445543,17.2295264107373
4.214863474340702,39657553267.05443,39694082744.58858,18.27436478145412,18.291197715983383,17.23856762875222,17.254674728271166
4.265697368415905,39658440553.43357,39694950354.98,18.2747736466922,18.291597514444835,17.26311238963787,17.279236577439477
4.317144351100639,39659354493.14043,39695843036.77673,18.275194793894066,18.29200886591368,17.287085474318715,17.303226122055907
4.369211816627631,39660289431.580666,39696761633.52446,18.27562561739924,18.292432159099267,17.310500686757578,17.326657199383277
4.421907248408684,39661255341.33723,39697707024.70889,18.27607071261524,18.292867799272255,17.333371527958338,17.349543328261454
4.4752382201102385,39662249379.942986,39698680128.03146,18.276528769721438,18.29331620931326,17.355711217563343,17.37189771705624
4.529212396741896,39663264730.212616,39699681904.429054,18.27699664733061,18.29377783202598,17.377532609159367,17.39373327145982
4.583837535758073,39664318978.19888,39700713357.35681,18.277482449168698,18.294253129806705,17.398848311390516,17.415062602129744
4.639121488172954,39665403989.10479,39701775535.54791,18.277982426687554,18.29474258591602,17.419670684928935,17.435898032158132
4.695072199688863,39666514737.11148,39702869539.78999,18.278494263969037,18.295246707601432,17.440011725863048,17.456251604416163
4.75169771183828,39667663266.65591,39703996522.65163,18.279023511139577,18.295766025971307,17.459883184943056,17.476135088759783
4.8090061631396015,39668853134.914116,39705157690.70737,18.27957180736063,18.2963010970202,17.47929661940874,17.495559989075463
4.867005790266854,39670062321.181335,39706354313.79324,18.28012900540023,18.296852505893813,17.49826321106555,17.514537550221917
4.925704929233514,39671316923.31029,39707587726.68603,18.280707131257007,18.297420867662808,17.51679390063207,17.533078764866783
4.9851120165906035,39672608317.40429,39708859331.62031,18.28130221100364,18.29800682848269,17.534899463869568,17.551194380184292
5.0452355906392325,39673943103.93355,39710170605.18783,18.28191728616415,18.298611068773056,17.552590410695228,17.568894904445767
5.106084292657776,39675316458.74617,39711523109.125755,18.282550133749353,18.29923430818885,17.569877011349963,17.58619061355072
5.1676668681438365,39676733698.3898,39712918487.36566,18.283203203646433,18.299877304260555,17.586769295773887,17.60309155744547
5.229992168071196,39678255423.91279,39714358462.255066,18.28390442106943,18.30054085065304,17.603277417909066,17.619607566352997
5.293069150161929,39679709179.14012,39715844876.14259,18.284574317498702,18.30122579632818,17.61941067293029,17.635748257062993
5.356906880173848,39681261219.24564,39717379685.13138,18.285289504006872,18.3019330426664,17.63517811302662,17.651523039264294
5.4215145332034815,39682870241.47655,39718964948.830894,18.286030948114405,18.302663538744277,17.650589251203243,17.66694112163708
5.486901395004776,39684526672.69734,39720602861.85344,18.286794238480816,18.303418295848243,17.665653098410388,17.682011517918074
5.5530768633236836,39686244214.700554,39722295759.39592,18.287585688948848,18.304198390046707,17.680378475411135,17.69674305302363
5.620050449248863,39688018709.06271,39724046130.5668,18.28840338329974,18.305004968331158,17.694774045498306,17.711144369131212
5.687831778578659,39689848953.19957,39725856635.117256,18.289246767377694,18.30583925632595,17.70884823754873,17.725223931780967
5.756430593204574,39691750636.93175,39727730117.72321,18.29012307111703,18.30670256486953,17.722609360377355,17.73899003600198
5.825856752511429,39693708703.30973,39729669629.85625,18.29102535621305,18.30759630009264,17.736065528397,17.752450812490938
5.896120234794399,39695742005.93167,39731678451.51998,18.29196231048187,18.30852197343453,17.7492246856096,17.76561423388247
5.967231138693149,39697846464.02486,39733760115.00974,18.292932053486517,18.30948121259152,17.762094667698552,17.77848812111936
6.039199684643272,39700031413.473816,39735918434.51306,18.29393888724125,18.310475775157016,17.77468315383065,17.791080149963257
6.11203621634521,39702295362.336395,39738157540.60366,18.29498212425294,18.311507564516496,17.786997683702417,17.80339785770121
6.1857512022509145,39704640225.07167,39740481920.494095,18.296062646712265,18.31257864839609,17.799045620799284,17.815448650101477
6.2603552370684294,39707083113.9451,39742896461.00997,18.297188340022007,18.313691278665274,17.810834258509818,17.827239808658973
6.335859043284609,39709612852.97834,39745406505.88679,18.298354054245074,18.3148479177395,17.8223707489076,17.838778498216836
6.412273472706223,39712247696.09034,39748017918.99173,18.299568200862904,18.316051267713043,17.833662114219624,17.8500717750655
6.489609508019627,39714996409.2317,39750737157.49308,18.300834819261837,18.317304304075797,17.84471535748501,17.861126595594733
6.567878264369249,39717852605.08584,39753571367.60197,18.302150966139944,18.318610319831443,17.85553732831662,17.87194982566343
6.647090990955133,39720835637.29847,39756528495.4924,18.30352555973732,18.31997297660987,17.866134785668457,17.882548250876052
6.727259072649714,39723946631.44021,39759617421.90384,18.304959118721563,18.3213963666926,17.876514439555006,17.892928587956522
6.808394031634124,39727208934.32136,39762848128.90811,18.30646240139955,18.32288508985967,17.88668297533144,17.903097497498845
6.89050752905422,39730614716.223114,39766231911.57654,18.30803179980443,18.32444435092673,17.89664700364697,17.91306159848281
6.973611366696582,39734190786.00538,39769781643.0705,18.30967966756987,18.326080081899846,17.906413083266315,17.922827485049975
7.057717488684729,39737942065.820435,39773512111.776146,18.31140827284403,18.327799097328597,17.915987790057308,17.932401746171912
7.142837983195795,39741896956.29783,39777440462.10112,18.313230702754616,18.32960929742704,17.925377726758864,17.94179098910229
7.228985084197899,39746061386.90204,39781586777.43756,18.31514968962342,18.331519936705433,17.934589526339497,17.95100186786634
7.3161711732084855,39750477969.074165,39785974860.70774,18.31718486897897,18.333541983648942,17.943629930788262,17.960041118524703
7.404408781073854,39755161381.03793,39790633312.94131,18.319343004607546,18.335688617730472,17.95250583417396,17.968915603759868
7.493710589770156,39760144778.03623,39795597061.29734,18.321639374582375,18.337975933529574,17.961224228942672,17.977632370649427
7.58408943422613,39765476731.22835,39800909573.431786,18.324096360694814,18.340423961122124,17.96979238849614,17.986198727521398
7.67555830416779,39771213079.46797,39806626203.871864,18.326739693719883,18.343058208103507,17.978217984090385,17.99462234937985
7.768130345985381,39777414514.00687,39812819474.189064,18.329597340437747,18.3459120927142,17.986509141490043,18.00291142798522
7.861818864622859,39784191378.01094,39819587855.56888,18.332720147436223,18.349030990884287,17.994674729185284,18.01107489525703
7.956637325490131,39791674276.5794,39827071460.90105,18.336168298085905,18.352479467213616,18.002724721468095,18.019122775208107
8.052599356398389,39800062860.10517,39835482860.98048,18.34003379211468,18.356355475204808,18.010670661325783,18.02706678190767
8.149718749518765,39809689660.85419,39845176356.43175,18.344469861767823,18.360822278052957,18.0185267276117,18.034921450880624
8.24800946336461,39821168453.006836,39856841291.051605,18.349759336729516,18.36619752823442,18.026311938002824,18.042706681118382
8.3474856247977,39835956831.546234,39868528086.71373,18.35657388280439,18.371582852074695,18.03405619407637,18.050434934661883
8.448161531058608,39860722529.756424,39874734336.50037,18.36798601910319,18.374442717678658,18.041833212684445,18.058077584370924
8.550051651821585,39865901785.02644,39875420098.29749,18.370372641380744,18.374758719554755,18.04958879757812,18.0655766063913
8.653170631274223,39855759950.75486,39874863997.12849,18.365699242147468,18.374502465833068,18.057133048558935,18.072898630294436
8.757533290222188,39875805897.03685,39874318335.64494,18.374936497211582,18.374251022761673,18.06455361343115,18.080041168564637
8.863154628219347,39878686478.3201,39873781959.525,18.37626388099641,18.374003858424278,18.071922957791113,18.08700858117191
8.970049825723585,39866610635.80052,39873230036.53147,18.370699282753044,18.37374953002315,18.07906702622191,18.093804982164855
9.078234246278617,39872023243.11687,39872671034.15444,18.373193434619942,18.37349193941279,18.086006038921308,18.10043429988321
9.187723438722127,39872182894.97994,39872108825.747055,18.37326700285962,18.373232871450362,18.09281089905597,18.1069004368112
9.298533139420517,39858614241.7628,39871540015.45068,18.367014511264557,18.372970761310146,18.099380895807563,18.113207205344825
9.410679274530622,39859357166.37548,39870961723.20502,18.367356854002793,18.37270428184843,18.10572569484893,18.11935829331653
9.524177962288718,39878412186.08538,39870372916.14136,18.37613748599871,18.372432957115038,18.112028843216272,18.125357279888565
9.639045515327101,39854682801.833115,39869780123.90897,18.36520288746347,18.37215979599939,18.118155743150812,18.131207689678813
9.755298443018628,39866800874.12139,39869182101.81362,18.370786945359143,18.371884224941233,18.124075276845502,18.13691299239492
9.872953453849549,39857779555.92093,39868577162.04428,18.366629884571893,18.37160546619025,18.129870778569178,18.142476559518975
9.992027457820912,39868815473.81012,39867965886.97387,18.37171528123888,18.3713237881063,18.13554062772558,18.147901676696698
10.112537568878977,39865205263.65068,39867347386.405594,18.370051681446252,18.371038780483005,18.141116203032425,18.15319155000252
10.234501107374921,39885125601.32629,39866718217.02418,18.379231055544356,18.370748856626435,18.146649483972595,18.158349285814612
10.357935602554209,39878536259.60843,39866078569.57912,18.376194659591967,18.370454104434746,18.15212357326093,18.163377899279812
10.48285879507597,39868803557.58152,39865433273.78844,18.371709790191396,18.370156749462,18.15737877260638,18.168280361667446
10.60928863956282,39871744232.85919,39864782270.01845,18.373064865537724,18.369856764228754,18.162472806334417,18.17305959973031
10.737243307181362,39867408035.48091,39864121233.3481,18.371066727828083,18.369552155793468,18.167438297537505,18.177718446807944
10.866741188253847,39878577869.35098,39863448266.276115,18.376213833533654,18.369242049779704,18.172323957067537,18.182259635226494
10.997800894901342,39852170421.274025,39862771385.554016,18.364045172097182,18.368930140339756,18.177009460439244,18.186685866305556
11.130441263718758,39874600203.7813,39862086229.1439,18.374380908766224,18.3686144174285,18.181563841168767,18.190999796910358
11.264681358482123,39862008556.84738,39861391248.87494,18.368578625712594,18.368294167642404,18.186062877381765,18.19520398879061
11.400540472888565,39859382929.817825,39860693365.77278,18.367368725903724,18.367972580218748,18.190372583880816,18.19930097260918
11.538038133329287,39892429886.232635,39859980852.25412,18.382596900278838,18.367644251038577,18.194747411933026,18.203293192225548
11.677194101695985,39857550744.48654,39859256718.261185,18.36652444731534,18.367310567095736,18.19900636870219,18.20718298649557
11.818028378221166,39860647089.58217,39858521657.90475,18.367951255958467,18.366971848239345,18.202992174956005,18.210972659006735
11.960561204352672,39850004103.939575,39857775650.75871,18.36304692409798,18.36662808505697,18.206841906400335,18.214664462424427
12.104813065662881,39832978422.604904,39857029299.68364,18.355201419629577,18.366284163390674,18.210449188753056,18.218260654157632
12.250804694792999,39861944589.49135,39856271541.29219,18.368549149290022,18.365934985185746,18.214037691764258,18.221763434910496
12.39855707443289,39844828544.82382,39855504690.65294,18.360662005023613,18.365581617235378,18.217604354427916,18.225174905932402
12.548091440336803,39854805514.2425,39854736089.598564,18.36525943384991,18.36522744268647,18.22104843332873,18.228497171568367
12.699429284375467,39888985532.30334,39853952122.11733,18.381009727723924,18.364866187224433,18.22465274474444,18.2317322513735
12.852592357625056,39872721175.45537,39853153795.196655,18.37351504473191,18.36449831487323,18.228267808131555,18.2348820487064
13.007602673493352,39877776429.32037,39852345858.81997,18.375844526648503,18.364126014444903,18.231736735344622,18.237948453379392
13.164482510883603,39869639734.418335,39851527495.07603,18.372095103940705,18.36374890904256,18.235106225353377,18.240933331713336
13.32325441739661,39866483184.88,39850699086.00297,18.370640552841046,18.36336717471096,18.238334403336225,18.243838503472595
13.483941212571365,39868890369.46178,39849856580.30735,18.371749793465334,18.3629789445973,18.241482191538356,18.246665725133873
13.646565991164776,39852539598.05329,39849004643.02137,18.364215290285962,18.362586368367747,18.244478676258773,18.249416715195157
13.811152126471006,39854347468.80974,39848146218.62962,18.365048364617564,18.362190802852993,18.247325378621305,18.252093192921453
13.977723273680795,39855076061.73188,39847279457.478165,18.36538410325345,18.361791395724836,18.250118447831326,18.25469684266471
14.146303373281274,39862509802.501465,39846401385.13245,18.368809601785834,18.36138677635152,18.252890118845176,18.257229282501825
14.316916654496875,39870816926.83703,39845507932.68162,18.37263755908241,18.360975069762073,18.255682076264534,18.25969205369167
14.489587638771654,39859029618.884964,39844601231.21587,18.367205918762675,18.360557257971685,18.25838823266536,18.262086650602935
14.664341143293623,39859953578.57678,39843681995.28571,18.36763168321511,18.360133670248185,18.260971392210305,18.264414547687018
14.84120228456165,39848628004.95426,39842753649.70189,18.362412811986633,18.35970588475855,18.263436172638364,18.26667720714687
15.020196481995317,39849150524.889275,39841819057.70905,18.362653591336628,18.359275220897775,18.265783975722545,18.268876090849087
15.201349461588306,39859244410.81706,39840871962.719765,18.367304895774513,18.358838795604456,18.268134419434872,18.271012607204593
15.384687259605924,39872027482.9499,39839906910.531685,18.37319538835256,18.358394095559564,18.27055414193865,18.27308806735784
15.570236226327143,39851754284.9012,39838926919.31261,18.363853414733217,18.35794251154732,18.27287456940301,18.2751037383697
15.758023029831811,39860964959.4012,39837935829.40143,18.368097731687488,18.357485813211795,18.27508060019404,18.277060894747112
15.948074659833509,39835271982.78794,39836940231.38057,18.356258301660368,18.35702703752066,18.27714325320887,18.278960837830272
16.14041843155869,39871307779.62776,39835931606.618805,18.372863746081173,18.356562259053366,18.279215515752004,18.280804827109396
16.335081989672556,39857729045.15773,39834903146.59578,18.36660660900303,18.35608834041554,18.28135964426135,18.282594008625733
16.532093312252265,39863284447.754944,39833859257.65569,18.369166561526715,18.35560731206883,18.28340980413748,18.284329488523095
16.731480714808132,39846013875.97382,39832802869.63977,18.361208210526414,18.35512052409622,18.285346696330027,18.286012386736022
16.933272854353273,39848926993.96667,39831737630.454956,18.36255058736177,18.354629657468323,18.28715998835491,18.287643832594835
17.13749873352231,39851677378.85681,39830660969.686646,18.363817976109466,18.35413352772745,18.288961229930464,18.289224934352212
17.34418770473983,39855311757.726166,39829569781.41075,18.365492712943716,18.35363070365092,18.29075467790389,18.2907567430017
17.553369474439055,39866649646.23982,39828460566.04855,18.37071725892503,18.353119572618365,18.292587616122837,18.292240248567033
17.765074107331372,39852206262.609825,39827339056.65083,18.36406168793315,18.352602776443327,18.29435933341999,18.2936764301103
17.979332030727445,39867388555.2033,39826203367.11838,18.371057751235483,18.35207944600348,18.296094078350976,18.29506626424767
18.196174038910378,39856126353.31,39825052345.18537,18.365868081962276,18.351549050329957,18.297808257160092,18.29641068789622
18.415631297561585,39866593850.16515,39823886122.432846,18.37069154786275,18.351011650055852,18.299478196993753,18.297710610246238
18.637735348240156,39857880373.05295,39822701135.25073,18.366676341523846,18.350465603054882,18.301117519920513,18.298966900092545
18.862518112916142,39861425197.304955,39821500191.7385,18.368309811219547,18.349912203310915,18.302690191642352,18.3001804017311
19.090011898558522,39844486985.22858,39820289366.51847,18.360504612947608,18.349354250035066,18.304151824103418,18.301351988049408
19.320249401778593,39865860416.03998,39819064456.97318,18.37035357838046,18.348789806643815,18.30560429168267,18.302482521137033
19.553263713529255,39857375657.31663,39817822775.24104,18.366443766422343,18.348217634559397,18.307091725333873,18.303572805096028
19.789088323861044,39874064791.38223,39816576589.64502,18.3741341885154,18.347643387075856,18.30858952741933,18.304623677763477
20.027757126735455,39869453601.96936,39815319228.89181,18.372009333337374,18.347063990033597,18.31011707606722,18.30563598705902
20.269304424896426,39935050348.53391,39814011084.40371,18.402236585813718,18.346461191635992,18.311943629601615,18.306610307110848
20.513764934800466,39848784331.24461,39812677787.87669,18.36248484778863,18.34584680307469,18.313609113811548,18.307547124284955
20.76117379160629,39844580542.95644,39811354728.61893,18.360547724736062,18.34523713188945,18.31474398292615,18.30844724683526
21.011566554224647,39855546624.92234,39810016330.586075,18.365600940720384,18.344620392533134,18.315889374227506,18.30931151543895
21.264979210429043,39866389304.59516,39808657937.75364,18.370597292417003,18.34399443949036,18.317126671243958,18.31014058651468
21.52144818202804,39858088603.0234,39807283502.3265,18.366772294756583,18.34336109395351,18.318347903845257,18.31093509736913
21.78101033010006,39879882959.694855,39805882567.467896,18.376815224568954,18.342715537368896,18.31961484494111,18.311695634232162
22.043702960291224,39855361990.2489,39804464828.90437,18.365515860298224,18.34206223756747,18.32083537090754,18.31242276594956
22.309563828177094,39856051091.94504,39803035372.96801,18.36583340121362,18.341403538352107,18.321897715776725,18.313117128429212
22.578631144689147,39876433741.122574,39801571872.11734,18.37522581036641,18.340729151099243,18.32305055921531,18.31377924750273
22.85094358160664,39837197822.42174,39800093882.54502,18.357145736539206,18.340048087383437,18.324071225848023,18.314409622786464
23.126540277114675,39844595280.40513,39798605575.42712,18.36055451581345,18.3393622692999,18.32489544229084,18.315008871075676
23.405460841429427,39862374569.806915,39797086870.01875,18.368747286000136,18.338662443558228,18.325837902000174,18.315577506914554
23.687745362491093,39828102619.49336,39795560424.74059,18.35295462936335,18.3379590512525,18.326666302580133,18.31611604812583
23.9734344117255,39862077609.912544,39794023773.541954,18.368610445650994,18.33725095601635,18.327475688909896,18.31662510966484
24.26256904987534,39867952764.44152,39792457195.62591,18.371317741189046,18.33652907042488,18.32848250749597,18.317105170243014
24.555190832901552,39874235222.41792,39790857004.59892,18.374212723842458,18.335791695772688,18.32953185007346,18.317556569983505
24.851341817956033,39859485839.5908,39789232427.71268,18.367416147153293,18.335043084015556,18.330509425812657,18.317979671619415
25.15106456942623,39834848505.798965,39787599473.02143,18.35606316171008,18.334290611731188,18.33124851969325,18.318374967262326
25.454402165052805,39865776942.81042,39785946509.4364,18.370315113570584,18.333528919265696,18.332006262079542,18.31874296035271
25.76139820212097,39837589471.7745,39784265983.05643,18.357326210182915,18.332754525750147,18.332759079860505,18.319084037813134
26.072096803726463,39876269718.03401,39782552646.881256,18.37515022784792,18.331965013345098,18.333553526207,18.319398507599296
26.38654262511724,39804463946.47286,39780834097.70008,18.34206183093937,18.33117309876529,18.334144715364413,18.31968679344489
26.70478086011153,39872471324.148254,39779089822.12087,18.373399912214868,18.330369329354728,18.334705738821167,18.319949346136152
27.02685724759327,39839916571.52307,39777302479.27655,18.358398547384404,18.32954571437004,18.335443703263504,18.32018639925051
27.35281807808605,39825500511.95639,39775510445.3565,18.35175556743406,18.328719937718233,18.33590838087095,18.320398297478782
27.68271020040616,39840148566.58591,39773694532.59122,18.358505451670133,18.327883157595654,18.336364266788397,18.320585480204574
28.016581028395926,39847680501.05989,39771841681.11093,18.361976198268156,18.32702935596022,18.33693019163215,18.32074820057406
28.354478547738374,39826056467.886894,39769974392.245995,18.35201175422925,18.326168901518155,18.337404831063097,18.32088675843697
28.696451322853907,39841312586.95528,39768089839.37088,18.359041837076962,18.3253004917487,18.337834672019948,18.32100155310744
29.042548503880234,39861358783.21644,39766168921.94544,18.368279207332513,18.324415325043855,18.338447188546652,18.321092854214186
29.39281983373656,39842500932.737946,39764221191.46999,18.359589431734975,18.32351780277453,18.339050407269596,18.32116087381069
29.747315655272857,39870350075.657196,39762284037.479675,18.372422432125347,18.322625154193346,18.339689943118856,18.32120607607147
30.10608691850536,39850198319.81648,39760365770.14289,18.363136419578375,18.32174120866033,18.340354773875948,18.321229162680545
30.469185187939466,40030155437.55142,39758328431.495605,18.446061404696895,18.32080239457432,18.341882720693,18.321230106211598
30.8366626499808,39884543969.31947,39756196985.162254,18.37896303710687,18.319820215276835,18.34355129556523,18.32120826842372
31.208572120435743,39818285345.9209,39754112495.86037,18.348430789044347,18.31885967397392,18.34402641332092,18.321163936284446
31.58496705210235,39836455722.45355,39752021697.687744,18.356803773800568,18.317896225517234,18.344230540897083,18.321097862865937
31.965901542452947,39876759727.07015,39749868978.20684,18.375376026041074,18.31690424346526,18.344749746983844,18.321010188994563
32.35143034140928,39807629198.51152,39747701140.42125,18.343520392187216,18.315905294835876,18.345095717910244,18.32090100742379
32.74160885921138,39850119005.39106,39745515471.05826,18.36309987116267,18.314898129341778,18.345291722340697,18.32077064775928
33.13649317438156,39846949438.48467,39743280298.3034,18.361639321605907,18.313868152479692,18.345696224035617,18.320619243154486
33.53614004178425,39828189394.95057,39741025427.24638,18.352994615853397,18.3128290985584,18.345970926448633,18.320446915429976
33.94060690078302,39844552135.68994,39738746205.90091,18.360534634550014,18.31177882392334,18.34622718387988,18.320253919694412
34.34995188349621,39844054841.28139,39736422534.75458,18.36030547922708,18.310708066635964,18.34656342217324,18.32004036939756
34.764233823151955,39852299224.45701,39734059312.74112,18.36410452513732,18.309619084145222,18.346934268955955,18.319806293144875
35.1835122625439,39812853146.20799,39731683742.33313,18.345927608919972,18.308524411463143,18.347124450542616,18.319551894823807
35.60784746258914,39866421944.9879,39729266472.34462,18.370612333245152,18.307410523441664,18.347390260643248,18.319277359911847
36.03730041098919,39836636871.533714,39726795707.94741,18.35688724804691,18.30627198497512,18.34777687262321,18.318982645465482
36.4719328309954,39840138912.359055,39724291469.476555,18.35850100296242,18.305118021516808,18.348011944681176,18.318667755499646
36.91180719028024,39831381344.880486,39721737520.27867,18.3544654796001,18.303941151149612,18.34821235831261,18.318332713401585
37.356986709915475,39838445446.522125,39719108930.68357,18.35772064689152,18.30272988617827,18.348399297455117,18.317977317007976
37.807535373458514,39826927397.69813,39716814158.59715,18.352413082293094,18.30167244569738,18.348556887184255,18.317603476667127
38.26351793614863,39836099898.33343,39714827309.621506,18.35663980857242,18.30075689746116,18.348698616827885,18.31721513153127
38.724999934213855,41174476584.46768,39711936279.94842,18.97336932823569,18.29942469901502,18.356236262624957,18.316809330830964
39.19204769429011,39771019213.58895,39708747074.561806,18.326650359519963,18.29795509996524,18.3631503634785,18.31637994472052
39.66472834295417,39799893917.68033,39706061509.14012,18.33995594274566,18.29671758029705,18.36244417437551,18.31592867977077
40.143109816371364,39865859455.06746,39703290830.82757,18.370353135560343,18.295440840256262,18.36227362826085,18.31545831965414
40.62726087005974,39814309672.64189,39700463381.690384,18.346598782332705,18.294137939984378,18.36218196796955,18.314968543204916
41.11725108877194,39817963303.58975,39697614866.236374,18.34828239060446,18.292825332266457,18.36183283780353,18.314459386714283
41.61315089649633,39812298375.344986,39694727333.33035,18.345671968208794,18.291494745145062,18.361480695310213,18.313930980767232
42.11503156657874,39818035538.34157,39691807406.64426,18.34831567667725,18.29014923083566,18.361137663082395,18.313383391826545
42.62296523196612,39815203907.72414,39688859455.31908,18.347010849561947,18.288790802656504,18.36081833777909,18.31281674471239
43.13702489557402,39843031256.69608,39685855849.05368,18.359833807211146,18.28740672845041,18.360644023589117,18.31223103326646
43.65728444077888,39834432231.343544,39682788915.63783,18.35587134071708,18.285993472831127,18.360577607791242,18.311626059425766
44.18381864203688,39807927243.91077,39679670991.509056,18.3436577327415,18.284556720480158,18.360320559541197,18.3110016559348
44.71670317563108,39815141083.00012,39676506369.21663,18.346981899668943,18.283098449421985,18.359965401119027,18.310357750009032
45.25601463054789,39753553420.647156,39673346262.78517,18.31860204980034,18.281642259291246,18.359319598864165,18.30969457511389
45.80183051948482,39833068466.96459,39670138632.39951,18.355242912443426,18.280164169925598,18.358791572788032,18.30901235129742
46.35422928999115,39816312631.170715,39666829827.669495,18.34752175391775,18.278639459003074,18.358615486389585,18.30831071641711
46.91329033574276,39792721486.65671,39663486806.20576,18.3366508568264,18.277098980867944,18.358223108604548,18.307589393495856
47.479094007952895,39768787559.04202,39660149672.61853,18.325622003862666,18.275561215890697,18.357580593597536,18.306848695653844
48.05172162692088,39827471053.91929,39656772719.02587,18.35266360133128,18.274005101690037,18.357145689450565,18.306088895198876
48.631255493719785,39839960297.08766,39653301933.36455,18.35841869630565,18.272405749283543,18.3571080836589,18.30530971338056
49.21777890202509,39832381757.05413,39649751160.293915,18.354926473672776,18.270769538347587,18.357097517946244,18.304510661013566
49.811376150086275,39790587810.52816,39646163333.00634,18.335667650030054,18.269116252675005,18.35681657652302,18.30369157138372
50.41213255284251,39793853176.24247,39642558056.78855,18.337172344074244,18.26745492646312,18.356333451891047,18.302852622338225
51.02013445418457,39806263946.307106,39638919192.33972,18.34289127831743,18.265778122655274,18.355947642925504,18.301994005260728
51.6354692393646,39838032636.78677,39635248765.1307,18.357530422455877,18.264086774596812,18.355812767513182,18.301115830552757
52.2582253475557,39849707588.999,39631503386.75595,18.36291028878539,18.26236088873079,18.355917573168632,18.300217978729002
52.8884922845628,39910826146.1405,39627599714.300766,18.39107397302982,18.260562060296948,18.356418866960055,18.299299640047355
53.526360635686835,39769732739.4374,39623671236.62912,18.326057546903183,18.258751801516635,18.356465114124294,18.298360304773215
54.171922078744295,39786968700.89533,39619799474.57892,18.33399994932323,18.25696767752956,18.35583935325646,18.29740064720813
54.825269397243595,39862305945.549866,39615833254.78019,18.368715663658293,18.255140027020783,18.35573564242553,18.29642093785657
55.48649649372027,39856250736.354324,39611746709.64981,18.365925398184217,18.25325693010087,18.356009911042978,18.29542047851189
56.15569840323338,39816725966.50796,39607623279.41621,18.347712220552918,18.25135683637264,18.356027782042368,18.29439890535398
56.83297130702432,39814385522.045425,39603474289.13112,18.346633734051974,18.249444964466832,18.355817919289922,18.293356378111945
57.51841254634043,39848630119.949684,39599228673.91152,18.362413786585282,18.24748856739104,18.355788378830155,18.292292723936775
58.21212063642555,39815856641.89234,39594898880.656975,18.347311632169863,18.24549338072814,18.3557653757164,18.291207456832723
58.91419528067912,39788546021.86758,39590523870.3537,18.334726785359486,18.243477357861916,18.355415119024745,18.29010038380272
59.6247373849859,39806462120.425804,39586063021.68553,18.342982597772036,18.24142178032167,18.355023359071826,18.288971304755062
60.34384907221895,39765556700.868835,39581560555.02022,18.324133211036333,18.239347025035983,18.354513465606004,18.287820046760512
61.07163369691718,39772877809.038666,39577116962.193375,18.327506808000294,18.237299399058877,18.353833905820558,18.286647232759503
61.808195860139854,39847628964.73204,39572621229.9261,18.361952450114853,18.235227747011695,18.35362065506513,18.28545340658068
62.553641424500675,39976245335.36076,39567859311.36409,18.421219406346584,18.23303343521753,18.354524328664247,18.28423732141176
63.308077529382736,39793781349.87462,39562992736.69022,18.33713924618648,18.2307908974536,18.35510247946813,18.282997485599086
64.07161260633724,39771184889.087524,39558161324.68945,18.326726703475828,18.228564562795054,18.35455281307733,18.2817340870733
64.84435639466776,39799057553.18412,39553247204.72279,18.33957054252213,18.2263001159633,18.354046621496945,18.280447420688006
65.62641995720267,39759638520.79989,39548280583.95473,18.321406089151278,18.224011476544838,18.353487193279765,18.279137300633174
66.41791569625771,39791017894.12823,39543232779.28056,18.335865834334093,18.221685427246232,18.352899449856963,18.277803551893367
67.21895736979077,39797375451.98022,39538062132.31843,18.33879542332119,18.2193027717126,18.35253080463995,18.276445619206335
68.02966010775216,39731968499.686386,39532873542.619934,18.308655628830802,18.21691184809174,18.35184621591907,18.275063310470966
68.85014042863149,39791228470.05449,39527633166.26052,18.335962868592983,18.214497060963065,18.35114837128406,18.273656821464623
69.68051625620426,39804355536.77002,39522263098.57816,18.342011875299338,18.212022511535682,18.350860684960658,18.27222573188964
70.52090693648064,39785824780.6891,39516800336.82955,18.333472826154818,18.209505248298687,18.35054928181668,18.270769411866862
71.37143325485853,39788151280.36893,39511280384.5027,18.334544886842142,18.206961631406394,18.35015748565888,18.26928764214649
72.23221745348323,39775299322.01892,39505759169.78723,18.32862265120994,18.204417432800195,18.34971702055166,18.267780708433833
73.10338324881701,39849001002.95088,39500185820.22345,18.362584691008195,18.20184921023999,18.349621979458714,18.266248913768205
73.98505584942022,39899704690.541046,39494425957.3617,18.385949160231696,18.19919504157966,18.35020752136801,18.264691540059506
74.87736197394675,39873760245.53362,39488435291.95054,18.373993852527125,18.196434518148724,18.350911834544508,18.263106913896003
75.78042986935695,39775789654.37912,39482336114.381386,18.32884859839216,18.193623991866,18.350920697331055,18.261493832742495
76.69438932934987,39669833091.990204,39476283783.3448,18.28002337563964,18.190835052659494,18.34981592444578,18.259852639221677
77.61937171301778,39749612685.89993,39470223830.72487,18.31678614290884,18.188042601395814,18.348600512310966,18.25818421169842
78.55550996372601,39745609391.04919,39464068086.66311,18.314941408062552,18.18520600903904,18.347824789433684,18.256488628015862
79.50293862822011,39844628434.25959,39457750749.962814,18.36056979324689,18.182294954125208,18.34758947223038,18.254765124432637
80.4617938759637,39754290047.515335,39451318592.56294,18.31894149051183,18.179330989357503,18.34740091889752,18.253012855111333
81.43221351870939,39806788257.20573,39444759082.01245,18.343132882950872,18.176308339730575,18.34701495053419,18.251231179214475
82.41433703030589,39742013082.384,39438067120.34822,18.313284214136043,18.173224656081914,18.346567273767665,18.24941937509237
83.40830556674398,39700519002.61769,39431375026.86375,18.294163570338025,18.170140911689934,18.345550879690023,18.24757743714392
84.41426198644395,39750747628.24529,39424601889.13417,18.31730912904178,18.16701982177418,18.344609245691625,18.245705633535252
85.4323508707883,39768667256.42301,39417657502.012436,18.32556656791761,18.163819819429314,18.344060860148044,18.243803291706303
86.46271854490156,39743449805.89522,39410581358.2167,18.313946262279995,18.160559103063417,18.343484219228753,18.24186948245411
87.50551309868081,39716594597.69237,39403411602.804016,18.301571271123176,18.15725525007675,18.342636940612916,18.239903722342568
88.56088440808018,39718514221.397896,39396140449.12001,18.30245584167653,18.153904672346734,18.341674562740803,18.23790570360167
89.62898415665175,39694903828.6806,39388724897.118614,18.29157607493339,18.15048755527406,18.340615747937456,18.235874847374646
90.70996585734608,39714516804.21944,39381144553.042076,18.30061381528597,18.1469945013307,18.33956161216869,18.2338102432148
91.80398487457624,39606164511.10402,39373576937.37074,18.250684629893108,18.143507312689167,18.338043867980282,18.231711866419076
92.91119844654749,39701025315.95795,39365950290.24915,18.29439688162204,18.13999292211089,18.336495085854168,18.229580262022157
94.03176570785615,39765753855.880974,39358024165.538445,18.324224060882415,18.136340531019297,18.335853151594268,18.22741425240713
95.16584771236167,39663440799.34704,39349989847.00566,18.277077780716915,18.13263828376643,18.33501580005833,18.225212433623554
96.31360745633391,39661919644.130135,39341966707.99728,18.276376826093323,18.1289411880847,18.333634791472214,18.22297512839475
97.47520990187972,39745304624.593994,39333799503.54078,18.314800970417853,18.125177706447857,18.332736144520158,18.22070244700243
98.65082200065248,39732701435.79853,39325486412.24491,18.308993368826627,18.12134699955126,18.33224201952988,18.218393644767218
99.84061271784705,39762129612.47046,39316973117.19052,18.322553994509573,18.117424037933624,18.331852818019325,18.216047686496186
101.04475305648423,39765665684.85339,39308236142.52653,18.32418343130776,18.113398003825544,18.33165193008412,18.213663137888574
102.26341608198875,39618921393.755264,39299505159.14718,18.256563054249575,18.10937473052624,18.330669162628247,18.211239732451705
103.49677694706244,39765440584.63117,39290678770.406586,18.32407970419314,18.10530749404137,18.329718045527745,18.208777899376702
104.74501291685849,39703164623.0085,39281648761.13395,18.295382683170562,18.101146428372065,18.32924248356552,18.206276913268358
106.00830339445916,39769150424.37172,39272382367.020386,18.325789213709346,18.09687643558911,18.328802635910044,18.203735298830246
107.28682994666,39674961537.24287,39262910032.05643,18.282386584450776,18.09251154440942,18.328214017699942,18.201151605120778
108.58077633006585,39619583386.14679,39253432497.04156,18.256868103085136,18.088144257024734,18.32682418256047,18.198525683099803
109.89032851750162,39665529330.86025,39243895469.35653,18.278040184687555,18.083749555171256,18.32541910343073,18.195858178321046
111.21567472474072,39710711944.34343,39234154603.34006,18.298860520097833,18.079260923770484,18.32454472592406,18.19314863380302
112.5570054375567,39744510643.66467,39224126152.76265,18.314435100717464,18.074639772213043,18.32412182185534,18.19039536030281
113.91451343910114,39661633105.82688,39213890786.99083,18.276244788056527,18.06992327327711,18.323437215911053,18.18759669718289
115.28839383761098,39646250652.62565,39203529624.01026,18.269156489917204,18.065148806466414,18.322234672278782,18.184751906302406
116.67884409445062,39605763841.26918,39193151484.063225,18.250499999573897,18.06036651659926,18.320754827584036,18.18186130471869
118.08606405249265,39662874390.013435,39182714682.1055,18.27681677695029,18.05555719503464,18.31940397939801,18.178925563519613
119.51025596483952,39807228409.70273,39172018193.86206,18.343335707044318,18.050628208954112,18.31918771186456,18.175944007818018
120.95162452389278,39716834413.949425,39161083054.47239,18.301681779447595,18.04558925143706,18.319263435352255,18.17291500348638
122.410376890773,39854032251.09448,39149796077.10616,18.364903110988948,18.040388165523325,18.319600296816688,18.16983644769816
123.88672272509324,39607457135.77774,39138389858.371506,18.251280276695976,18.0351321326932,18.319319569480136,18.16670695057526
125.38087421509283,39691756538.41304,39126906684.79187,18.29012579054405,18.029840638751807,18.31817051500376,18.163526649428697
126.89304610813464,39691198378.52855,39115080792.12597,18.289868588157738,18.024391218436143,18.317503020229765,18.16029444835309
128.42345574156886,39582505561.38428,39103150840.11296,18.239782487882145,18.018893847142387,18.316251439963906,18.157009145958106
129.97232307397022,39625684961.43366,39091109791.9895,18.259679734246117,18.013345282300843,18.314676867139408,18.15367082562316
131.53987071675215,39638513799.46713,39078733990.1113,18.265591315940707,18.007642461542783,18.31344433435899,18.150278302387314
133.12632396616075,39618404768.16237,39066042190.29659,18.25632499103684,18.00179402762692,18.31220018482414,18.146829308810442
134.731910835656,39481198689.793846,39053336593.714035,18.193099861905583,17.995939236103297,18.310122953857544,18.143323392434294
136.3568620886835,39567184668.747986,39040551974.789276,18.232722557106094,17.990048030757126,18.307822647098156,18.139761393061825
138.00141127184006,39648052402.74076,39027360370.922806,18.269986743831936,17.983969285064344,18.306487465179018,18.136141975731103
139.66579474844085,39571263707.052475,39013910552.92271,18.234602194849547,17.97777155322943,18.30520102358502,18.132462874563533
141.35025173249107,39542470173.15831,39000326452.75029,18.221334015186876,17.971511943613404,18.30337029538418,18.12872336513605
143.05502432306622,39597825379.772385,38986499427.89084,18.24684192364019,17.965140393295556,18.301730684297656,18.124922816038193
144.78035753910876,39524235564.25339,38972423903.29084,18.212931431887505,17.958654333268136,18.300026163334753,18.121059990718816
146.5264993546428,39613350364.14935,38958009084.69039,18.253995900735564,17.95201192516017,18.298452094477387,18.117133153089338
148.2937007344144,39449814020.848816,38943451053.48017,18.17863767648067,17.94530352408853,18.29650081116448,18.113141192303114
150.0822156699622,39535644862.461464,38928789270.83332,18.218188883751736,17.93854731392522,18.294179750374624,18.109084304448263
151.8923012161215,39571833443.53314,38913683504.03187,18.234864731779318,17.931586514024772,18.292578115164666,18.104961026740835
153.72421752796987,39536483022.6209,38898162536.16003,18.218575111424325,17.924434387751592,18.291016660017103,18.100768243036406
155.57822789821867,39403573049.981476,38882485615.586815,18.157329645604737,17.91721039782777,18.28857053390581,18.096504490817694
157.45459879505376,39428608154.72636,38866733801.51108,18.168865925550424,17.90995189666782,18.28559867906748,18.092170194002342
159.35359990043426,39455713099.182724,38850787994.22988,18.18135599620711,17.9026040026354,18.28298191413938,18.087765552266127
161.2755041488532,39553042859.62323,38834385250.765396,18.226205952895157,17.895045550517384,18.281108686749974,18.0832886704151
163.22058776656405,39523160913.69513,38817532833.79449,18.21243622845975,17.887279886985354,18.27964385027116,18.07873631133093
165.189130311282,39362837636.4833,38800627481.71012,18.138558598364977,17.879489830733817,18.277171188999738,18.074107532627387
167.1814147123639,39506928196.39132,38783367226.29022,18.204956125100715,17.87153623355549,18.274678461396352,18.069401908699433
169.1977273114714,39464924891.63307,38765536520.334274,18.18560082831753,17.86331977040771,18.27279595929691,18.064616201923968
171.23835790372596,39286853441.44591,38747664415.86275,18.10354476661424,17.855084230652505,18.269752296597037,18.05974898705542
173.30359977936027,39378220854.70813,38729636774.77467,18.145647249030343,17.846777018980266,18.266316273846694,18.054801116434337
175.3937497658705,39473581134.49643,38711015673.11652,18.189589660877537,17.838196338219603,18.263981066048515,18.04977039810689
177.5091082706783,39331406690.34221,38692076994.72167,18.124075088216465,17.82946931678347,18.261437869820487,18.04465383088809
179.64997932430765,39340134503.8387,38672998267.9948,18.12809690082062,17.82067776049595,18.258231427207626,18.039450956491237
181.81667062408056,39396452838.41023,38653548603.50962,18.154048622625385,17.811715274553222,18.255457571459623,18.03416102284534
184.00949357834142,39393065349.404625,38633642141.514114,18.152487653662806,17.802542294425972,18.25303641004106,18.028781571423778
186.22876335121506,39372451956.03766,38613341988.738205,18.142988916631936,17.7931878999567,18.250541034523607,18.023310082620505
188.4747989079024,39301808709.63756,38592768187.88688,18.110436216132026,17.783707407321,18.247605005032014,18.01774509813276
190.74792306052458,39348176787.22654,38571819387.36287,18.131802818311687,17.774054113283125,18.244609854597183,18.012085288991543
193.04846251451977,39319499898.973236,38550482702.66147,18.118588389443396,17.764222080609937,18.241779778955618,18.00632873703469
195.37674791559772,39284053157.76687,38528889401.122475,18.102254384297975,17.754271797835248,18.238666503717308,18.00047422047035
197.73311389726268,39368640741.87308,38506770106.377304,18.141232693361307,17.74407913521283,18.23589915710765,17.994519779456944
200.11789912890913,39314535378.10323,38484024460.57057,18.116300717666658,17.733597847427298,18.233359227250826,17.98846148787025
202.53144636449608,39180066834.92926,38461040219.91025,18.054337056090155,17.723006614145127,18.22984748680767,17.982297097377437
204.97410249181,39180175437.686584,38437914472.14699,18.054387100690494,17.71235017380389,18.225689926941495,17.976027049989437
207.44621858232193,39302190854.90748,38414296483.21293,18.110612310255004,17.70146690669261,18.222301486646753,17.969650378029144
209.94814994164432,39293742193.759056,38390085210.84871,18.10671913220891,17.69031025211971,18.219608975531965,17.96316367883218
212.48025616059775,39249152804.20737,38365444149.51799,18.086172156843013,17.67895554901114,18.216689556811346,17.956563979908967
215.04290116689413,39233049034.76608,38340358835.948685,18.078751473193048,17.66739613263122,18.213508934444402,17.949849186877987
217.63645327744084,39222698603.85026,38314758882.754105,18.073981951762228,17.65559956818067,18.21025945107477,17.943016789978543
220.26128525127794,39160379409.582855,38288682110.84146,18.04526500895792,17.643583283690162,18.206688576228387,17.936064164682644
222.91777434315375,39151901558.42638,38262214741.40956,18.041358380035227,17.631387010245177,18.20281760808334,17.9289894273266
225.60630235774448,39107117103.820854,38235293940.41628,18.020721517884688,17.61898179365889,18.19874642253426,17.921790861659
228.32725570452996,39220406852.209015,38207760953.61139,18.07292590311499,17.606294479315327,18.19515080840436,17.914465579380874
231.08102545333108,39022488046.43031,38179889578.47293,17.981724097760182,17.593451234226276,18.191168238729244,17.907011402754538
233.86800739051486,39221116408.39868,38151450690.131805,18.07325286954571,17.58034647670316,18.18729687148411,17.8994264330328
236.68860207588085,39137165595.8956,38122288377.37248,18.034567987474194,17.56690836221218,18.18413396103798,17.891706717076364
239.54321490022994,39045118653.02751,38092846401.16169,17.992152375001538,17.553341377644582,18.18008501275911,17.883849986291537
242.4322561436301,39162664112.19159,38062865569.06223,18.046317809381787,17.539526086051893,18.176278036327393,17.87585501032376
245.35614103438468,39152366136.67186,38032169925.23708,18.041572459614727,17.525381406255715,18.173142496076167,17.867718215374605
248.31528980870976,39101170358.582634,38000910763.34152,18.017981233051334,17.51097705499896,18.16974423210443,17.859435988401017
251.31012777113347,39100415621.78998,37968998047.77956,18.017633447211647,17.496271543506133,18.166144550492913,17.851005128448634
254.3410853556237,39042224697.777275,37936373610.10834,17.990818828437334,17.481238067517864,18.162306509479585,17.84242170245003
257.408598187451,38952523960.74449,37903208846.997284,17.949484357330057,17.465955607329246,18.15775108056861,17.833682496102366
260.5131071457995,38913985932.935455,37869569996.327774,17.93172587451601,17.45045468563032,18.152605243041787,17.82478566497548
263.6550584271334,38963469366.65793,37835336732.4629,17.95452804570378,17.434679855869298,18.147643946679466,17.815729106987224
266.8349036093247,38944512251.43288,37800401736.253456,17.945792528499936,17.418581664937776,18.14296458503958,17.806509527652793
270.05309971655794,38996652739.153496,37764622578.24345,17.969819081173853,17.402094480752577,18.138579548164167,17.797122346103706
273.31010928501604,38858969148.98862,37728204917.042564,17.906373912629288,17.385313071652757,18.133825240838657,17.787563446534925
276.6064004293574,38846468341.7377,37691266109.0429,17.90061348887779,17.368291515949807,18.12836786536673,17.777830570984733
279.9424469099964,38920532825.02927,37653573864.806946,17.93474270950584,17.350922773708923,18.12337867108949,17.767920876168336
283.3187282011958,38825114293.93238,37615196325.09224,17.89077345521441,17.33323824447338,18.11838557026859,17.757830699965393
286.7357295599775,38928843824.75865,37575858871.180984,17.93857245259994,17.315111382800726,18.11356264779838,17.74755532871433
290.1939420958668,38788557675.622406,37535558512.265755,17.873928014103253,17.296540810514507,18.108646455479754,17.737088653946575
293.69386284147885,38610231487.895676,37494714920.279205,17.791754568286773,17.2777199141793,18.10210630265568,17.72642700025481
297.2359948239523,38687034052.253586,37453097969.18739,17.82714550800956,17.258542650765637,18.09517526491438,17.715567792709656
300.8208471372484,38571637549.80928,37410575395.6651,17.773970321785377,17.238948072785504,18.088191476797306,17.70450654243637
304.44893501532135,38586798178.04437,37367288491.21729,17.780956402061644,17.219001287949528,18.080830267651724,17.693238925141948
308.1207799061689,38461563100.046555,37323402257.605194,17.723247559477368,17.198778329752614,18.073038008468505,17.68176239170332
311.836909546778,38633699674.58823,37278519714.31289,17.802568805904787,17.178096267928986,18.065696110112594,17.670073168714733
315.5978580389755,38587372062.039536,37232319019.461235,17.781220850183274,17.156806796407878,18.059207751835885,17.65816365083688
319.4041659261899,38360108691.319885,37185436479.733734,17.676496947777427,17.13520312794422,18.051373760180276,17.646028160814495
323.2563802711419,38365342968.796074,37137881341.77232,17.678908924515454,17.113289523428907,18.042521000806058,17.63366465922082
327.15505473447257,38495850283.62146,37089285159.378975,17.739047235664074,17.09089620132802,18.034623042216264,17.621069181848522
331.100749654316,38312761959.27678,37040022827.02736,17.65467937757235,17.068195914567603,18.026614918890775,17.608237917930314
335.0940321268354,38584773186.283806,36989584963.4486,17.780023277472168,17.044953938149426,18.019296811075275,17.595166383934686
339.13547608772984,38527743865.76482,36937254413.72323,17.75374393039837,17.02083980411661,18.013314824415577,17.581843500538266
343.2256623947215,38150922085.25369,36884086495.62734,17.580102893386186,16.996339807270815,18.00509586225905,17.568260354810437
347.36517891104063,37900984251.35683,36830628769.5167,17.46493050444528,16.971706265691623,17.99365452016908,17.554416977900594
351.5546205899174,38392718860.51982,36775734780.683105,17.691523848795036,16.946410888301624,17.9838283923913,17.540310075644896
355.79458956008955,37940293892.280235,36719757598.92269,17.483044549777954,16.92061637112506,17.97441874736143,17.525932150187945
360.08569521234466,38188770992.52392,36662853743.90848,17.597543826602056,16.89439483907546,17.964141689698867,17.51127865654501
364.428554287106,38198434772.64731,36604438069.726234,17.601996936504058,16.867476654492254,17.95550939743411,17.496342793427637
368.82379096307136,37987966487.38652,36545089688.953995,17.50501227903206,16.84012867484971,17.94597829791629,17.481117925842817
373.2720369469261,38218994763.81385,36484554183.482925,17.611471065579817,16.81223366322964,17.936799682502475,17.46559932110864
377.7739315641329,38064406223.35547,36422744639.84562,17.54023602593061,16.783751569546325,17.928243164345766,17.449780500944374
382.3301218508199,38205850249.777336,36359672041.292816,17.605414019075695,16.75468745492719,17.919827300462924,17.433654729278977
386.94126264677766,38095712978.78671,36295049480.76809,17.554662308485707,16.724909111412448,17.91177348395055,17.417213913715997
391.60801668957356,38101774298.37943,36228829826.59719,17.55745538965611,16.69439482053142,17.903346165897258,17.40044833803149
396.33105470980524,37786220215.54532,36161319957.09089,17.412046761464758,16.6632859930806,17.893418574056838,17.383349945642152
401.11105552750286,37788706851.41064,36092653333.17507,17.41319261356954,16.631644128407345,17.882027669234876,17.365913268817575
405.94870614969005,37717160988.44637,36022489539.97275,17.38022398361881,16.599312361926557,17.870527243711507,17.3481318241759
410.84470186912574,37751840943.85901,35950761299.26913,17.396204650694948,16.56625969155824,17.859101521936513,17.32999706542642
415.7997463642362,37541037261.11206,35877803085.434845,17.299065440672326,16.53264024447756,17.8469770681682,17.311502120427637
420.81455180024926,37704732826.09631,35803338907.6093,17.37449703493847,16.498326842952974,17.834894971883916,17.29264057911726
425.88983893155137,37712880674.794846,35726884518.24554,17.378251597361885,16.463096343709406,17.824032063459438,17.273402026618847
431.02633720527984,37487205654.346924,35648842323.44728,17.274259613339172,16.42713417714596,17.81223146413426,17.253775877071526
436.22478486616023,37467120176.765976,35569300876.95045,17.265004142088785,16.390481149190872,17.799375651558407,17.233754465114984
441.48592906261183,37403604376.04976,35487960085.76549,17.23573579807729,16.352998975751774,17.786366646085305,17.213329139562365
446.81052595413337,37389214767.28878,35404626317.297775,17.229105006767757,16.314598430127155,17.773242197259183,17.19248876260335
452.1993408199794,37152690174.38525,35319604706.322395,17.12011349482557,16.27542011968505,17.75905177220814,17.17122308527193
457.65314816915196,37100897458.211006,35232889299.591125,17.09624719672047,16.23546130114402,17.743629768490667,17.149523724363124
463.17273185171797,37200074090.939285,35144025993.12147,17.141948199807278,16.19451272150833,17.72883673097989,17.12737996933597
468.7588851714661,36902941058.64116,35053118844.57786,17.005028067991013,16.152622330980687,17.713300627545603,17.104779470888488
474.41241099992544,37118488137.05394,34962261066.622475,17.104353054380535,16.110754690624557,17.69770402895049,17.081722231482985
480.1341218917604,36811786599.80902,34871533164.28835,16.963023715858217,16.06894689749257,17.681962274584585,17.058220053204437
485.9248402015522,40663936462.879265,34773797600.888275,18.738110325880005,16.023909945120174,17.68608286507679,17.034245700573912
491.7853982019932,36892323160.96628,34671771982.564125,17.000135296769948,15.976896117672132,17.69029600190014,17.009748779031458
497.7166382035078,36328100434.85672,34571007774.51962,16.740139127932213,15.930463553304895,17.670846510849223,16.984725318540693
503.71941267531,36816560968.86888,34467653344.37613,16.965223764893356,15.882837403867416,17.651478698491953,16.959180414224452
509.79458436792675,36354208319.25517,34361418208.443535,16.752169749185033,15.833883813272296,17.632681147160213,16.933096546703847
515.9430264371982,36070667401.35593,34253604222.882103,16.62151291997354,15.78420268222963,17.610263231625968,16.90646218448238
522.1656225697697,36134386398.17797,34143871236.83538,16.650874897592107,15.73363726781608,17.587187870804886,16.879271265139497
528.4632671101007,36448269739.09034,34031004329.345196,16.79551364098678,15.681627729422702,17.566728586214964,16.851509352688538
534.8368651890073,36212631462.23527,33915082914.69912,16.686930547150272,15.628210661482093,17.547163149795118,16.823156197188617
541.2873328537482,35813305908.67726,33797266948.41742,16.502919678321977,15.573920576301777,17.524589860399875,16.794198829081896
547.8155971996863,36056562109.958755,33676986011.947998,16.61501314328271,15.518494622650644,17.501720471886994,16.764627747533357
554.4225965035367,36169628156.41744,33553270325.02875,16.667114445737475,15.46148592176771,17.481333674264295,16.734425256345737
561.1092803582181,35783128206.00791,33426539254.695698,16.48901366795537,15.403087719719924,17.45992095403046,16.703571119522987
567.8766098093348,35695334133.60675,33297015986.32729,16.44855779580652,15.343402861253962,17.436436314004364,16.672049081537637
574.7255574933044,35429279394.15642,33164323053.525986,16.325958670040755,15.282257408290617,17.411570702075807,16.639842410167287
581.6571077771479,35451213215.56517,33028336290.569344,16.33606586578164,15.219594144750774,17.385971056396777,16.606932039665967
588.6722568999686,34840396332.75029,32890176252.11152,16.054598916571162,15.15592942685968,17.357742709424265,16.573304835642517
595.7720131161401,35317013322.73829,32748852926.914585,16.274225999397654,15.090807053338914,17.32948617477332,16.53894861841448
602.9573968402125,35667944320.47438,32602744337.490906,16.435936456484193,15.023479610244985,17.306412259990697,16.503837218280538
610.229440793577,34466012928.535995,32453801096.632725,15.88208149345474,14.954845948030743,17.279188895304305,16.467946996342473
617.5891901528903,35115785581.016815,32301670942.11416,16.18149942265694,14.884743742803654,17.24965705420724,16.43126352321612
625.0377027002941,34662085922.20511,32145491801.526615,15.972432740945283,14.812775748027692,17.22185906107408,16.393766066081756
632.5760489754474,34681925045.95291,31985451146.931618,15.98157469132912,14.739028351605198,17.192366858971976,16.355430735259624
640.2053124293863,34507790007.01836,31821160775.918755,15.901332544233112,14.663322668257766,17.16272478763373,16.316233092509
647.9265895802449,33922859983.056934,31653036946.176407,15.631794366788972,14.585850511252076,17.12962808784314,16.27614945804031
655.7409901708554,34188213599.086357,31480238827.03533,15.75407041197878,14.506224422333561,17.095598877628536,16.235154354358723
663.6496373282415,33310733474.374016,31303542776.974293,15.349723936554877,14.424802150704414,17.058997110132726,16.193222608560937
671.6536677250424,33372779327.6196,31123590427.58772,15.378314922684329,14.341879362860569,17.018842085248455,16.15033738002024
679.7542317428836,33751405963.102757,30938714410.88711,15.552787644342173,14.256687728727766,16.982054234639527,16.106476552420975
687.9524936377117,33655510532.45072,30747865160.150898,15.508598632760721,14.168743603614072,16.947665754843815,16.06160372287553
696.249631707129,33301501963.761127,30552290645.385994,15.345470018233499,14.078622057266964,16.91162769141183,16.0156845091328
704.6468384597479,32289548539.682053,30353476460.803936,14.87915768955977,13.98700765765149,16.868965614984155,15.968700272829798
713.145320786579,34144296547.67764,30148725047.14164,15.733833252813556,13.892657358287671,16.83200858799667,15.920626064629204
721.746300134495,32567016421.743805,29937966126.81879,15.00701603870675,13.795538774975451,16.79732943979779,15.871422503634962
730.451012681785,33531762848.5754,29721476141.807068,15.451575187547919,13.695779293320228,16.76021147836918,15.821052278676214
739.2607095158205,32289450874.85265,29498674465.936398,14.879112685201918,13.593111358378252,16.722385563284988,15.769477274076028
748.176656812871,32678529444.203396,29271450351.76236,15.05840170127111,13.488405545551197,16.68085169909368,15.716667501317472
757.2001360200866,32083093074.634956,29044887684.271423,14.784022156260754,13.384004530095002,16.63914320075919,15.662631850723221
766.3324440396711,35565210793.99492,28813709618.267227,16.38859642202648,13.277476719889892,16.614313615796956,15.607377609685562
775.5748934152812,47890866574.82231,28562443277.448353,22.0683096507445,13.161692149457508,16.67665055284768,15.550798294124807
784.9288125206746,32038028532.20841,28301724101.039227,14.763256228482344,13.04155167323759,16.71733500731875,15.492764391208151
794.3955457506266,31064466211.03911,28040673163.67217,14.314634679020616,12.921258320194319,16.665693204841684,15.4332572505899
803.9764537141556,31110324793.278885,27772354934.61453,14.335766503633362,12.797616169043593,16.610244246166282,15.372270068504339
813.6729134300795,29735583536.971886,27497162211.603924,13.702280039435905,12.670806222609624,16.54880860184639,15.309760727754616
823.4863185249237,30849034643.016975,27213861938.341522,14.215362920297476,12.540260283443386,16.487483603313382,15.245683469110917
833.4180794332223,29094307363.342785,26922686148.620888,13.406777322875506,12.406085273677887,16.424017162881974,15.179988201180265
843.4696236002361,30416094344.39784,26622344293.236263,14.015862237734428,12.26768650289449,16.35979175538733,15.112620191453683
853.6423956871075,28788956393.382877,26312746675.401062,13.2660703313513,12.125022638442474,16.29532467374274,15.043518509162736
863.9378577784973,28795083285.610306,25995467771.184204,13.268893628663333,11.978819205414858,16.22358986138657,14.972631826421422
874.3574895927261,28988554577.0745,25668522948.600376,13.358046001003279,11.828161677173744,16.154650239154517,14.899907676046828
884.9027886944416,28900592731.807846,25330927528.984108,13.317512818423202,11.672596309712183,16.087910649291697,14.82527865822569
895.5752707098593,28881316925.7245,24982027990.59372,13.308630447152046,11.511821957505143,16.022169115714377,14.748670038460324
906.3764695445994,27844806029.396477,24621919397.326035,12.8310019335648,11.34588242638997,15.952188675997602,14.67000582892185
917.307937604142,27990525064.34897,24251267406.005974,12.89814986834512,11.175084453788312,15.879042370887591,14.58921601323748
928.3712460169497,26724420895.81181,23869887516.734978,12.314723824096722,10.999343021382833,15.801467061598236,14.506234832491737
939.5679848602816,29403504518.12838,23472687259.233944,13.549256652295805,10.816311497779195,15.733571679258837,14.420969120059807
950.8997633887208,25960878332.470314,23061398924.854362,11.96288024880836,10.626788130006199,15.662916655791395,14.333309797908598
962.368210265473,25854201296.946056,22638973077.869167,11.913723029051338,10.432132550300144,15.574670369033235,14.243175974131733
973.9749737964391,26294253664.60495,22200393482.74719,12.116500982481508,10.23003325655426,15.490352458803166,14.15047713687288
985.7217221671224,25713000730.667778,21745016666.160797,11.848657223348676,10.020193733594322,15.407228010994793,14.055094167441617
997.6101436823909,24514444057.15018,21275621741.465435,11.296357344543429,9.803894608363812,15.31633739660651,13.956922538954055
1009.6419470091245,22901135343.641457,20790058994.338554,10.552938008074953,9.580145283600169,15.212237619192607,13.855863475345283
1021.8188614217956,24461473359.388897,20281491593.741802,11.27194822764458,9.34579531924718,15.110418845659146,13.751771333076807
1034.1426370510137,22262182220.019398,19750783362.23898,10.258505762578373,9.10124276831964,15.007401512669883,13.64447156664376
1046.6150451350566,20492001154.607815,19200648529.244144,9.442798996689003,8.847738358972133,14.885170975558724,13.533813357670505
1059.2378782744452,21101038574.423225,18626720798.939674,9.72344596197994,8.583270084009518,14.759575884454021,13.419640211232474
1072.0129506895892,19341363852.689487,18029007971.031845,8.912580562767817,8.307841537568748,14.630597949778618,13.301775691720207
1084.9420984815295,19554026663.926228,17407242228.572697,9.010576466897843,8.02132930849108,14.496295690939096,13.180046115241634
1098.027179895836,20614483416.56196,16755024009.730469,9.499239330239966,7.720784452181581,14.372152530915251,13.054245317352928
1111.270075589688,20297984369.213043,16068047119.680887,9.353395258486762,7.404222656231748,14.254966485967433,12.924113647665719
1124.6726889021647,19305194373.124107,15343570087.628647,8.895913516793444,7.070380639545698,14.133387725748841,12.789359187920418
1138.2369461278074,17305789381.270428,14578053514.52355,7.974579416301966,6.717627432383196,13.998323139950203,12.649662624823996
1151.9647967934795,16058803744.488281,13768786022.684778,7.399963270662899,6.3447136206801416,13.848762225647588,12.504678116555775
1165.8582139385567,13846867335.545135,12913468405.643463,6.380693813008608,5.950579720573852,13.683832102539261,12.354040677430838
1179.919194398505,14862952892.3616,11997361197.252523,6.8489102455603525,5.528433725022396,13.516387373833412,12.197300553947043
1194.1497590918812,12929616505.863918,11014938897.812738,5.958020832030449,5.075729460881314,13.347806265698138,12.033908330447165
1208.5519533107824,10447545363.367298,9963293815.264185,4.8142721704309634,4.591127051607614,13.159099082301625,11.863281659832646
1223.1278470148095,16383777059.68943,8813402462.126356,7.5497123201373615,4.061252353973718,12.993993166684692,11.684676836609466
1237.879535128577,8991108664.371525,7554097351.921547,4.143140107912712,3.4809593439621795,12.824412624458398,11.497148971290594
1252.8091378427982,15755002642.970592,6149717379.217497,7.259970464935423,2.833815236504523,12.65588069969434,11.299519138776315
1267.918800919016,10633832661.74643,4393759942.801056,4.90011412900585,2.024662777761208,12.499919753516943,11.089308871005848
1283.210695998004,7310273192.157194,2176368625.0762844,3.3686041613804303,1.0028796755496316,12.301615902720807,10.862374692339136
1298.6870209118815,0.0,0.0,0.0,0.0,12.049833542768845,10.616834390273464
1314.35,0.0,0.0,0.0,0.0,11.764351418630135,10.365302580924691
