galaxy,type,M_bary_Msun,boundary_kpc,outer_points,median_percent_close,mean_percent_close,avg_gr_percent_off,median_gr_percent_off,avg_model_percent_off,median_model_percent_off,gr_failing_points,median_percent_close_on_gr_failing,mean_percent_close_on_gr_failing,median_G_Required_Outer,mean_G_Required_Outer,median_G_Ratio_Outer,mean_G_Ratio_Outer,Model
CamB,Im,2500000000.0,0.895,5,12.782460122655625,11.930419888973967,26.242389139084388,18.406768789161756,88.06958011102606,87.21753987734438,4,-0.37240442823098796,6.877336960162225,0.7132584745860614,0.8140181295434543,0.28530338983442455,0.3256072518173817,shell
D512-2,Im,5000000000.0,1.915,3,90.38976893930132,91.54276213374942,38.314883441817045,39.697967954766376,8.457237866250566,9.61023106069868,3,90.38976893930132,91.54276213374942,2.750021604401537,2.647230228987692,0.8323343411601033,0.8525676401019385,shell
D564-8,Im,3500000000.0,2.456,2,68.42299656624954,68.42299656624954,56.725497303354274,56.725497303354274,31.577003433750463,31.577003433750463,2,68.42299656624954,68.42299656624954,5.3644017935627275,5.3644017935627275,2.145760717425091,2.145760717425091,shell
D631-7,Im,1500000000.0,5.752000000000001,4,56.96386914406668,57.1288271686132,63.86855721861483,63.97288583379262,42.87117283138681,43.03613085593332,4,56.96386914406668,57.1288271686132,7.707141008604561,7.683712423669903,3.0828564034418244,3.073484969467961,shell
DDO064,Im,2500000000.0,2.384,1,94.61841193857747,94.61841193857747,40.15806193720549,40.15806193720549,5.38158806142254,5.38158806142254,1,94.61841193857747,94.61841193857747,2.7924711784921272,2.7924711784921272,1.116988471396851,1.116988471396851,shell
DDO154,Im,1500000000.0,3.2,6,61.56797432277372,62.66249042324046,60.36876128081434,61.06099404345446,37.33750957675954,38.43202567722628,6,61.56797432277372,62.66249042324046,6.608751767482403,6.444992862930949,2.643500706992961,2.5779971451723798,shell
DDO161,Im,5000000000.0,6.4,15,95.89589910513574,94.0473040363298,44.87563172227298,43.585515458952166,5.952695963670196,4.104100894864265,15,95.89589910513574,94.0473040363298,3.1420909461027886,3.3723343547686815,0.9964904817158972,1.0680854812799871,shell
DDO168,Im,3000000000.0,3.2,3,82.24866235776055,83.11445666740106,47.433802088728974,47.98137848946438,16.885543332598946,17.75133764223945,3,82.24866235776055,83.11445666740106,3.6955775613623225,3.6223738008946547,1.478231024544929,1.4489495203578617,shell
DDO170,Im,3500000000.0,6.165,5,87.4512257872798,84.16472561513123,46.76955368261384,44.69098846770884,15.835274384868773,12.548774212720199,5,87.4512257872798,84.16472561513123,3.2689494595621733,3.5819180979629275,1.3075797838248693,1.432767239185171,shell
ESO079-G014,Sbc,2500000000.0,13.336000000000002,3,79.92271200295373,79.77630276943638,23.963857604988334,24.05645493466719,20.223697230563605,20.077287997046266,3,79.92271200295373,79.77630276943638,1.7338769272805243,1.733946233068153,0.6935507709122097,0.6935784932272613,shell
ESO116-G012,Sd,1500000000.0,7.888,3,86.2749207071447,85.12756641693194,46.160599691047224,45.434949122999605,14.872433583068045,13.725079292855302,3,86.2749207071447,85.12756641693194,3.3586973455496034,3.46371337211515,1.3434789382198413,1.38548534884606,shell
ESO444-G084,Im,3000000000.0,3.2,2,46.271706198298716,46.271706198298716,70.73520343824904,70.73520343824904,53.728293801701284,53.728293801701284,2,46.271706198298716,46.271706198298716,11.935736767717167,11.935736767717167,4.774294707086867,4.774294707086867,shell
ESO563-G021,Sbc,0.0,33.928,0,,,,,,,0,,,2.3991156353704564,2.36057549793324,,,shell
F561-1,Sm,5000000000.0,6.4,3,10.383400390056984,13.585503953339085,8.039824698056117,9.192464121094387,86.41449604666093,89.61659960994302,1,-1.6151600534940247,-1.6151600534940247,0.8387154950158507,0.8758047243966204,0.2781296515932879,0.2927996896461446,shell
F563-1,Sm,2500000000.0,8.040000000000001,10,59.97386470506446,60.0927086942742,61.99403395141811,62.069197489842765,39.907291305725806,40.02613529493554,10,59.97386470506446,60.0927086942742,6.950707265739194,6.968357073259429,2.7802829062956773,2.787342829303772,shell
F563-V1,Im,5000000000.0,3.935,3,12.720328559604965,11.401233553809403,6.225840147349171,4.864710048545183,88.59876644619061,87.27967144039505,1,-5.340045447654562,-5.340045447654562,0.9093713746354138,0.9033609649825524,0.28511411776888024,0.2852411040308033,shell
F563-V2,Im,5000000000.0,6.4,4,82.71958197344472,82.43240019806329,53.18230918456771,53.53936074754696,17.5675998019367,17.280418026555274,4,82.71958197344472,82.43240019806329,4.632711883673361,4.565937758290131,1.4614500597304185,1.473182282588799,shell
F565-V2,Im,5000000000.0,4.4,4,71.48248708961904,70.34347079607004,60.31175772794417,60.02442723435198,29.656529203929964,28.517512910380958,4,71.48248708961904,70.34347079607004,6.259142764031207,6.364841110995273,1.9573680126173763,2.0337111552961304,shell
F567-2,Sm,5000000000.0,3.8360000000000003,3,59.035861691622316,63.78787733489594,24.972621597356078,22.446718180618372,36.21212266510406,40.96413830837768,3,59.035861691622316,63.78787733489594,1.662645414371041,1.7946600890969322,0.5032487654577549,0.5487567138128248,shell
F568-1,Sc,2500000000.0,6.4,5,74.10081490260933,73.55683343664587,53.47857377411367,53.13452968664129,26.443166563354122,25.899185097390664,5,74.10081490260933,73.55683343664587,4.552962157179461,4.636041303894184,1.8211848628717846,1.854416521557674,shell
F568-3,Sd,5000000000.0,7.192,6,94.72655502163013,94.56417808103747,42.17843026028395,40.67163318999014,5.435821918962529,5.273444978369861,6,94.72655502163013,94.56417808103747,2.845943378710631,3.0300747903678515,0.9023423664675568,0.9340653316255755,shell
F568-V1,Sd,5000000000.0,9.600000000000001,3,77.80133782174347,78.05821125173667,55.18893047120128,54.15108195990215,21.94178874826333,22.198662178256527,3,77.80133782174347,78.05821125173667,4.757094918850432,5.025489865105217,1.652060205758935,1.64746960931745,shell
F571-8,Sc,2500000000.0,12.440000000000001,1,62.11031390023314,62.11031390023314,60.71798837744944,60.71798837744944,37.889686099766855,37.889686099766855,1,62.11031390023314,62.11031390023314,6.480560365954144,6.480560365954144,2.5922241463816578,2.5922241463816578,shell
F571-V1,Sd,5000000000.0,5.436,5,94.42086318202412,92.5320273099377,48.22575597967745,47.271600151371196,7.467972690062306,5.579136817975885,5,94.42086318202412,92.5320273099377,3.596754669069769,3.770873165398643,1.1216673211748929,1.1721216307431692,shell
F574-1,Sd,5000000000.0,6.4,7,96.03364827482869,96.09469846181904,43.598376866782864,44.37385632452429,3.9053015381809564,3.9663517251713074,7,96.03364827482869,96.09469846181904,3.231782267013743,3.1492352096335354,1.0286118806094435,1.0094024348907245,shell
F574-2,Sm,5000000000.0,4.332,3,-13.223561713373266,-14.84113512308928,18.551537900638124,16.051157434880025,114.84113512308927,113.22356171337326,3,-13.223561713373266,-14.84113512308928,0.7425078466063582,0.7143289567934344,0.21995285971757664,0.21687943765532638,shell
F579-V1,Sc,5000000000.0,12.128,2,89.33777107076824,89.33777107076824,35.47450616261321,35.47450616261321,10.66222892923177,10.66222892923177,2,89.33777107076824,89.33777107076824,2.4066946644674454,2.4066946644674454,0.8171057056274277,0.8171057056274277,shell
F583-1,Sm,2500000000.0,6.504000000000001,5,72.06541600112773,72.2907991810352,54.27928414281878,54.42182898177859,27.709200818964813,27.934583998872267,5,72.06541600112773,72.2907991810352,4.813779717788827,4.88281777783926,1.9255118871155308,1.953127111135704,shell
F583-4,Sc,5000000000.0,5.832000000000001,3,93.7329820581468,95.40951902678677,39.42212318405443,37.92546139029081,4.590480973213232,6.267017941853195,3,93.7329820581468,95.40951902678677,2.595212949766885,2.737961724935632,0.8855294575760934,0.9250913620936503,shell
IC2574,Sm,3500000000.0,4.0920000000000005,22,92.99659853257606,92.10016727250115,39.50864884563097,39.27631946250414,7.899832727498839,7.003401467423942,22,92.99659853257606,92.10016727250115,2.7123139719822906,2.7966533919574403,1.0849255887929163,1.1186613567829764,shell
IC4202,Sbc,0.0,20.72,0,,,,,,,0,,,1.423318571055066,1.4271264339675869,,,shell
KK98-251,Im,2500000000.0,1.565,7,96.3966357664775,94.59854276805795,33.52745559266886,34.47547915320882,5.401457231942046,3.6033642335225013,7,96.3966357664775,94.59854276805795,2.3291222937808156,2.2807691548756956,0.9316489175123263,0.9123076619502781,shell
NGC0024,Sc,1500000000.0,9.016,2,67.64215473009949,67.64215473009949,57.2193450422707,57.2193450422707,32.35784526990051,32.35784526990051,2,67.64215473009949,67.64215473009949,5.495377592948973,5.495377592948973,2.198151037179589,2.198151037179589,shell
NGC0055,Sm,1500000000.0,10.8,5,95.2632681649342,94.66135089952725,33.37798863945183,33.75867454378503,5.338649100472742,4.736731835065796,5,95.2632681649342,94.66135089952725,2.2789876527436443,2.253857907259435,0.9115950610974577,0.901543162903774,shell
NGC0100,Scd,500000000.0,7.696,5,63.76202590477641,64.1428832075622,47.62755517017901,47.938523855724966,35.857116792437786,36.23797409522359,5,63.76202590477641,64.1428832075622,3.6894960034807314,3.6619048096330595,2.4596640023204874,2.4412698730887064,shell
NGC0247,Sd,1500000000.0,9.600000000000001,10,97.55140155660298,95.92926307054913,38.83205067303914,38.0359895497618,4.070736929450879,2.4485984433970236,10,97.55140155660298,95.92926307054913,2.6045996034371317,2.691342307568259,1.0418398413748526,1.0765369230273036,shell
NGC0289,Sbc,2500000000.0,56.89600000000001,5,89.97015931171775,87.65194232929446,44.564044180341014,43.09787502535298,12.348057670705552,10.029840688282256,5,89.97015931171775,87.65194232929446,3.088467457884587,3.27979910416069,1.2353869831538349,1.3119196416642762,shell
NGC0300,Sd,5000000000.0,9.440000000000001,6,80.52630947110292,80.11230954162949,53.31373270072087,53.10844625344727,19.88769045837052,19.473690528897087,6,80.52630947110292,80.11230954162949,4.548003291390216,4.602373094874547,1.5421428888241464,1.5609998382418437,shell
NGC0801,Sc,0.0,47.856,0,,,,,,,0,,,1.5134569393589383,1.5134569393589383,,,shell
NGC0891,Sb,0.0,13.688,0,,,,,,,0,,,1.032276781573294,1.0288893806371426,,,shell
NGC1003,Scd,2500000000.0,24.192,8,62.596510512861975,63.020563629723085,60.14229590050137,60.4104906401363,36.97943637027692,37.403489487138025,8,62.596510512861975,63.020563629723085,6.380635323922813,6.31978778457515,2.5522541295691252,2.5279151138300597,shell
NGC1090,Sbc,1500000000.0,24.072000000000003,5,80.57833103859325,80.21179295105057,24.239285779496562,24.471104820663985,19.78820704894944,19.42166896140675,5,80.57833103859325,80.21179295105057,1.7529669821147804,1.7442869996723516,0.7011867928459121,0.6977147998689406,shell
NGC1705,BCD,5000000000.0,4.800000000000001,3,58.581505923965,58.929046457023695,65.75317056482874,66.16946059473794,41.07095354297632,41.41849407603501,3,58.581505923965,58.929046457023695,8.737398732246364,8.535022146030299,2.9139288054242174,2.8810377062022448,shell
NGC2366,Im,2500000000.0,4.848,6,95.22512177213108,95.31726824590832,39.71606639953746,39.77434494663527,4.6827317540916775,4.774878227868917,6,95.22512177213108,95.31726824590832,2.7570314850470963,2.7546126446996375,1.1028125940188387,1.101845057879855,shell
NGC2403,Scd,1500000000.0,16.696,9,74.90590418950109,74.52444423104372,52.86660297434125,52.625346513365535,25.47555576895629,25.094095810498903,9,74.90590418950109,74.52444423104372,4.455617562976938,4.515927141341698,1.7822470251907752,1.8063708565366794,shell
NGC2683,Sb,2500000000.0,27.695999999999998,3,91.01703060998219,91.01292209841567,31.070519660957814,31.073118111826485,8.987077901584327,8.98296939001781,3,91.01703060998219,91.01292209841567,2.104857675087318,2.1062600538504976,0.8419430700349272,0.8425040215401992,shell
NGC2841,Sb,0.0,50.912000000000006,0,,,,,,,0,,,4.472974734147891,4.438966933018203,,,shell
NGC2903,Sbc,1500000000.0,19.968000000000004,6,84.41218223498878,86.04428523147097,27.928077787792166,26.895845218818266,13.955714768529026,15.587817765011218,6,84.41218223498878,86.04428523147097,1.8715572990359768,1.9313944137079233,0.7486229196143908,0.7725577654831693,shell
NGC2915,BCD,2000000000.0,8.032,6,48.69257540508872,48.9188435884547,69.06100675179171,69.20411131608475,51.0811564115453,51.30742459491128,6,48.69257540508872,48.9188435884547,10.54476791954789,10.462319794143452,4.217907167819156,4.184927917657381,shell
NGC2955,Sb,0.0,28.344,0,,,,,,,0,,,1.146022480915928,1.146022480915928,,,shell
NGC2976,Sc,5000000000.0,1.816,3,38.32306880816141,36.75247234314972,5.1080984093017205,6.824838461423837,63.24752765685028,61.676931191838584,0,,,1.1518599846970423,1.1153204584900125,0.38256381143521107,0.37644618643014405,shell
NGC2998,Sc,0.0,33.824000000000005,0,,,,,,,0,,,1.928015903196631,1.928015903196631,,,shell
NGC3109,Sm,2500000000.0,3.2,13,58.23941217843659,59.79264945866616,62.183808074916215,63.166161585358346,40.20735054133384,41.76058782156341,13,58.23941217843659,59.79264945866616,7.370654309299297,7.083938442840282,2.948261723719719,2.833575377136112,shell
NGC3198,Sc,1500000000.0,35.264,5,84.71242857783949,85.24147958592955,46.088554677143215,46.42315591393776,14.75852041407045,15.28757142216051,5,84.71242857783949,85.24147958592955,3.48374006901831,3.4455273852469808,1.3934960276073238,1.3782109540987926,shell
NGC3521,Sbc,2500000000.0,14.192,2,77.59186444200188,77.59186444200188,22.582297500415986,22.582297500415986,22.408135557998122,22.408135557998122,2,77.59186444200188,77.59186444200188,1.6759835972164974,1.6759835972164974,0.670393438886599,0.670393438886599,shell
NGC3726,Sc,1000000000.0,26.016000000000005,3,95.6096961999462,94.59720129783125,33.33741686898143,33.97777487097992,5.4027987021687425,4.390303800053798,3,95.6096961999462,94.59720129783125,2.294138777041937,2.2593798833662055,0.9176555108167748,0.9037519533464823,shell
NGC3741,Im,2000000000.0,5.6000000000000005,4,45.20253642172448,44.85376635608328,71.63198733554916,71.41140577812664,55.14623364391672,54.79746357827551,4,45.20253642172448,44.85376635608328,12.23745826781483,12.457501986661054,4.894983307125932,4.983000794664421,shell
NGC3769,Sb,1000000000.0,29.727999999999998,3,78.93273772730834,78.90363465391799,50.09695976556552,50.078553365800616,21.096365346082013,21.067262272691664,3,78.93273772730834,78.90363465391799,4.012598219724964,4.016053941222192,1.6050392878899857,1.6064215764888772,shell
NGC3877,Sc,500000000.0,9.08,3,57.79532350410892,57.51012558692682,16.34249527509534,16.109632150828443,42.48987441307318,42.204676495891086,3,57.79532350410892,57.51012558692682,0.7417601566581024,0.7396274064947398,0.4945067711054016,0.4930849376631599,shell
NGC3893,Sc,1000000000.0,15.240000000000002,3,79.44265819512641,78.10501935692649,22.906845165150326,23.752842248232966,21.894980643073513,20.55734180487359,3,79.44265819512641,78.10501935692649,1.720095982700382,1.68433704901605,0.6880383930801528,0.67373481960642,shell
NGC3917,Scd,1000000000.0,11.888,4,84.94514162036008,84.84227307791741,27.167858551705493,27.2329183304456,15.157726922082604,15.054858379639933,4,84.94514162036008,84.84227307791741,1.8908649301184286,1.8964070164300777,0.7563459720473715,0.7585628065720311,shell
NGC3949,Sbc,1000000000.0,5.656000000000001,2,42.00612208769994,42.00612208769994,4.025286751699722,4.025286751699722,57.99387791230006,57.99387791230006,0,,,1.0064085696402545,1.0064085696402545,0.4025634278561018,0.4025634278561018,shell
NGC3953,Sbc,0.0,12.544,0,,,,,,,0,,,0.918584629163388,0.918584629163388,,,shell
NGC3972,Sbc,500000000.0,6.976000000000001,3,93.05091880661456,93.863796135529,23.20795664077403,24.024242942215757,6.136203864471007,6.949081193385438,3,93.05091880661456,93.863796135529,1.7324069902178247,1.7084613113765545,1.1549379934785498,1.1389742075843696,shell
NGC3992,Sbc,0.0,36.816,0,,,,,,,0,,,2.165987905368171,2.165987905368171,,,shell
NGC4010,Sd,500000000.0,4.188000000000001,8,97.69763446831584,92.22920684253113,14.585738319277421,18.610587941796815,7.770793157468872,2.3023655316841594,6,99.04359785452937,97.6023684144039,1.5096086896613097,1.3651213927871937,1.0064057931075399,0.9100809285247959,shell
NGC4013,Sb,500000000.0,24.808000000000003,9,78.52579039898589,79.55935058846165,35.040062263690785,35.88396062458076,20.440649411538345,21.474209601014106,9,78.52579039898589,79.55935058846165,2.432577167702762,2.3764951246767905,1.6217181118018413,1.5843300831178602,shell
NGC4051,Sbc,1500000000.0,9.752,2,15.421143127143651,15.421143127143651,16.737919125690063,16.737919125690063,84.57885687285636,84.57885687285636,2,15.421143127143651,15.421143127143651,0.7355586328163011,0.7355586328163011,0.29422345312652043,0.29422345312652043,shell
NGC4068,Im,3000000000.0,1.864,2,78.41517494026574,78.41517494026574,23.10300477962437,23.10300477962437,21.584825059734257,21.584825059734257,2,78.41517494026574,78.41517494026574,1.713399852886465,1.713399852886465,0.6853599411545859,0.6853599411545859,shell
NGC4085,Sc,1000000000.0,4.960000000000001,2,27.58410977855,27.58410977855,9.045383581067004,9.045383581067004,72.41589022145001,72.41589022145001,1,19.545952012976297,19.545952012976297,0.8464830589254442,0.8464830589254442,0.3385932235701777,0.3385932235701777,shell
NGC4088,Sbc,0.0,17.184,0,,,,,,,0,,,1.000927404201456,1.0021232170080385,,,shell
NGC4100,Sbc,1000000000.0,18.208000000000002,6,82.16668059979264,81.85154651189511,25.276356990224627,25.475665287447796,18.14845348810488,17.833319400207365,6,82.16668059979264,81.85154651189511,1.800842735884357,1.7944979474876261,0.7203370943537428,0.7177991789950503,shell
NGC4138,S0,1500000000.0,14.863999999999999,2,83.74220268605276,83.74220268605276,26.472112946744247,26.472112946744247,16.257797313947243,16.257797313947243,2,83.74220268605276,83.74220268605276,1.862233030707832,1.862233030707832,0.7448932122831329,0.7448932122831329,shell
NGC4157,Sb,0.0,23.688000000000002,0,,,,,,,0,,,1.7398053122992316,1.7428982337181333,,,shell
NGC4183,Scd,1000000000.0,16.816,5,92.51175042632231,91.71371610419632,41.995152886535,41.490431664753686,8.286283895803669,7.488249573677682,5,92.51175042632231,91.71371610419632,2.921098568681016,2.991734972153832,1.1684394274724064,1.1966939888615329,shell
NGC4214,Im,5000000000.0,4.5040000000000004,3,72.91879575834635,73.32321824679896,57.38716924374058,57.64359934769383,26.67678175320104,27.081204241653655,3,72.91879575834635,73.32321824679896,5.573935060734161,5.519970466984368,1.8807064955360306,1.862515475487749,shell
NGC4217,Sb,1000000000.0,13.376,4,56.96698088267547,57.26731389650939,9.7279230718212,9.537975795769583,42.73268610349061,43.033019117324535,2,61.302651933538755,61.302651933538755,1.222806433943521,1.23078157435165,0.4891225735774083,0.4923126297406599,shell
NGC4389,Sbc,2000000000.0,4.256,2,-29.297177019884558,-29.297177019884558,45.02026808593103,45.02026808593103,129.29717701988454,129.29717701988454,2,-29.297177019884558,-29.297177019884558,0.4931525014741629,0.4931525014741629,0.19726100058966517,0.19726100058966517,shell
NGC4559,Scd,500000000.0,16.776,7,86.21200014709711,86.61847964570451,29.27630752412444,29.608196644954585,13.381520354295501,13.787999852902882,7,86.21200014709711,86.61847964570451,2.018161035772745,1.999807518454703,1.3454406905151632,1.3332050123031354,shell
NGC5005,Sbc,0.0,9.176,0,,,,,,,0,,,0.8584405199710798,0.8650467483737406,,,shell
NGC5033,Sc,0.0,35.672000000000004,0,,,,,,,0,,,2.6549760003177942,2.6787585657942623,,,shell
NGC5055,Sbc,0.0,43.672000000000004,0,,,,,,,0,,,2.0802931998620027,2.0717576027444013,,,shell
NGC5371,Sbc,0.0,36.992000000000004,0,,,,,,,0,,,1.0762797590360231,1.089185224321918,,,shell
NGC5585,Sd,1000000000.0,8.768,4,86.24674042762709,85.9514574478305,45.63952525076252,45.45277189667478,14.0485425521695,13.753259572372926,4,86.24674042762709,85.9514574478305,3.3609450941724583,3.385464480009082,1.3443780376689833,1.3541857920036326,shell
NGC5907,Sc,0.0,40.264,0,,,,,,,0,,,2.211211475279571,2.189329307432476,,,shell
NGC5985,Sb,0.0,27.776,0,,,,,,,0,,,2.206085182660936,2.1829652858200075,,,shell
NGC6015,Scd,1000000000.0,23.384,8,88.7451134143335,88.13152559770906,44.2607290891614,43.8726620801488,11.868474402290946,11.25488658566649,8,88.7451134143335,88.13152559770906,3.179731921833983,3.2425196303872834,1.271892768733593,1.2970078521549133,shell
NGC6195,Sb,0.0,29.144000000000002,0,,,,,,,0,,,1.0723422766401824,1.096303001986845,,,shell
NGC6503,Scd,1000000000.0,18.8,7,78.75723783812259,79.42350604259909,49.768164229848125,50.189549241587436,20.57649395740091,21.24276216187742,7,78.75723783812259,79.42350604259909,4.030501213313857,3.983405054450562,1.612200485325543,1.5933620217802247,shell
NGC6674,Sb,0.0,57.928,0,,,,,,,0,,,3.5329790022360306,3.57983337214784,,,shell
NGC6789,BCD,3500000000.0,0.568,1,63.99246502190585,63.99246502190585,59.52761148842415,59.52761148842415,36.00753497809415,36.00753497809415,1,63.99246502190585,63.99246502190585,6.104953061864493,6.104953061864493,2.4419812247457973,2.4419812247457973,shell
NGC6946,Scd,1000000000.0,16.32,12,66.09225923201147,64.15000841816618,14.080921297340906,15.309308569154272,35.84999158183383,33.90774076798853,11,66.40813268030476,64.77656937682077,1.3942347169545022,1.3589172319598706,0.5576938867818009,0.5435668927839483,shell
NGC7331,Sb,0.0,29.048000000000002,0,,,,,,,0,,,1.5194131341847439,1.5103973777264914,,,shell
NGC7793,Sd,4500000000.0,6.296,4,73.77433225527486,73.95116321311414,20.279715867724136,20.167878150203858,26.048836786885857,26.22566774472515,4,73.77433225527486,73.95116321311414,1.569899680689987,1.5748627778043363,0.6279598722759947,0.6299451111217345,shell
NGC7814,Sab,500000000.0,15.624000000000002,4,79.44141464576073,79.62312161429672,34.9879934391342,35.136356557674574,20.37687838570328,20.55858535423927,4,79.44141464576073,79.62312161429672,2.378538697223907,2.3750432834612187,1.585692464815938,1.5833621889741456,shell
PGC51017,BCD,1500000000.0,2.904,2,21.24399542225133,21.24399542225133,13.055223979434222,13.055223979434222,78.75600457774867,78.75600457774867,2,21.24399542225133,21.24399542225133,0.7832336746505759,0.7832336746505759,0.3132934698602303,0.3132934698602303,shell
UGC00128,Sdm,5000000000.0,21.5,13,81.5666665728677,78.53827256043705,56.11563433422469,54.370056171998904,21.461727439562935,18.433333427132297,13,81.5666665728677,78.53827256043705,4.8028622590472585,5.364496060905442,1.5030539585847518,1.6536358781392373,shell
UGC00191,Sm,2500000000.0,7.984000000000001,1,87.58149303959873,87.58149303959873,44.608600223336914,44.608600223336914,12.41850696040128,12.41850696040128,1,87.58149303959873,87.58149303959873,3.2592323296566565,3.2592323296566565,1.3036929318626627,1.3036929318626627,shell
UGC00634,Sm,4000000000.0,7.204000000000001,3,75.49485948261007,75.94791829758164,51.96631892625285,52.252858480118256,24.052081702418352,24.505140517389936,3,75.49485948261007,75.94791829758164,4.386369837088706,4.444724272147989,1.7545479348354824,1.7778897088591956,shell
UGC00731,Im,1500000000.0,6.4,5,80.03862517158323,79.29284307454095,49.85080274682843,49.37912873386237,20.707156925459046,19.961374828416762,5,80.03862517158323,79.29284307454095,3.902480740587652,3.992713177498918,1.5609922962350606,1.597085270999567,shell
UGC00891,Sm,2500000000.0,3.2,3,74.67713261914037,75.95719955689701,51.960448942454626,52.77003435861221,24.042800443102994,25.322867380859638,3,74.67713261914037,75.95719955689701,4.482958729405065,4.4930275401739594,1.7931834917620262,1.797211016069584,shell
UGC01230,Sm,5000000000.0,14.616,4,94.2820417777476,94.42456633162914,46.50217150399241,46.18591959895468,5.575433668370853,5.717958222252406,4,94.2820417777476,94.42456633162914,3.453225517857386,3.5283495376147824,1.1123431409860134,1.0942753919847898,shell
UGC01281,Sdm,500000000.0,3.2,5,58.97271395938579,58.703824635569376,52.06852789767678,51.848980684132705,41.296175364430624,41.02728604061421,5,58.97271395938579,58.703824635569376,4.313095055624667,4.356485493493373,2.8753967037497783,2.904323662328915,shell
UGC02023,Im,5000000000.0,3.024,2,68.63095877788135,68.63095877788135,23.330967192567535,23.330967192567535,31.36904122211864,31.36904122211864,2,68.63095877788135,68.63095877788135,1.7353121031889809,1.7353121031889809,0.5879433395377833,0.5879433395377833,shell
UGC02259,Sdm,1500000000.0,6.5120000000000005,2,77.30330708712899,77.30330708712899,51.10909578824722,51.10909578824722,22.69669291287102,22.69669291287102,2,77.30330708712899,77.30330708712899,4.203291841899063,4.203291841899063,1.6813167367596251,1.6813167367596251,shell
UGC02455,Im,2500000000.0,3.224,2,-4.072217357243412,-4.072217357243412,29.06660280196731,29.06660280196731,104.0722173572434,104.0722173572434,2,-4.072217357243412,-4.072217357243412,0.6147916450224991,0.6147916450224991,0.24591665800899964,0.24591665800899964,shell
UGC02487,S0,0.0,64.304,0,,,,,,,0,,,3.3514841229065944,3.359132491620329,,,shell
UGC02885,Sc,0.0,59.256,0,,,,,,,0,,,2.470583751101445,2.4703690084769114,,,shell
UGC02916,Sab,0.0,30.400000000000002,0,,,,,,,0,,,1.509878353143353,1.5175943856219603,,,shell
UGC02953,Sab,0.0,49.912000000000006,0,,,,,,,0,,,3.2178163638286894,3.244034594642475,,,shell
UGC03205,Sab,0.0,32.032000000000004,0,,,,,,,0,,,3.165529320028739,3.165529320028739,,,shell
UGC03546,Sa,0.0,23.384,0,,,,,,,0,,,2.103214467628312,2.103214467628312,,,shell
UGC03580,Sa,2000000000.0,21.648,2,75.58429799108796,75.58429799108796,52.19629260065456,52.19629260065456,24.415702008912028,24.415702008912028,2,75.58429799108796,75.58429799108796,4.380978900639674,4.380978900639674,1.7523915602558695,1.7523915602558695,shell
UGC04278,Sd,1500000000.0,5.352,6,84.80113367873281,83.84694071118687,46.97053850311023,46.367053882158174,16.153059288813125,15.198866321267193,6,84.80113367873281,83.84694071118687,3.4888018037188213,3.605511494288851,1.3955207214875285,1.4422045977155402,shell
UGC04305,Im,5000000000.0,4.4159999999999995,5,6.580417381221249,5.75472321597246,13.085518128661496,12.581037158510625,94.24527678402754,93.41958261877876,5,6.580417381221249,5.75472321597246,0.7889863858076184,0.7823464647686064,0.2673000970412967,0.2653321300879225,shell
UGC04325,Sm,1500000000.0,4.472,2,94.09477538844953,94.09477538844953,40.489238770108926,40.489238770108926,5.905224611550469,5.905224611550469,2,94.09477538844953,94.09477538844953,2.824065280390095,2.824065280390095,1.1296261121560383,1.1296261121560383,shell
UGC04483,Im,1500000000.0,0.968,2,93.17098506216354,93.17098506216354,41.073495072407695,41.073495072407695,6.829014937836451,6.829014937836451,2,93.17098506216354,93.17098506216354,2.8800322301938137,2.8800322301938137,1.1520128920775257,1.1520128920775257,shell
UGC04499,Sdm,1500000000.0,6.5440000000000005,2,98.67215610766696,98.67215610766696,37.59424901201557,37.59424901201557,1.3278438923330345,1.3278438923330345,2,98.67215610766696,98.67215610766696,2.5677886952040154,2.5677886952040154,1.027115478081606,1.027115478081606,shell
UGC05005,Im,5000000000.0,11.444,4,87.26088168930417,87.53558953004236,51.69478857889694,52.17999118875678,12.464410469957635,12.739118310695828,4,87.26088168930417,87.53558953004236,4.373809743159406,4.293888050327823,1.3133532721074512,1.305798058519511,shell
UGC05253,Sab,0.0,42.632000000000005,0,,,,,,,0,,,2.4454905961529203,2.4808400726092543,,,shell
UGC05414,Im,1500000000.0,3.2880000000000003,2,90.4075597191567,90.4075597191567,30.6876548753104,30.6876548753104,9.592440280843308,9.592440280843308,2,90.4075597191567,90.4075597191567,2.085338339878712,2.085338339878712,0.8341353359514849,0.8341353359514849,shell
UGC05716,Sm,5000000000.0,6.4,6,79.66076626646222,79.34343883650095,55.118750610857866,54.97396240604094,20.65656116349904,20.33923373353777,6,79.66076626646222,79.34343883650095,4.932760700462096,4.979223655387346,1.5765608330546381,1.5923582038769615,shell
UGC05721,Sd,2500000000.0,5.392,3,62.56924885759847,62.60431118818042,60.40555705987754,60.427732424820086,37.395688811819575,37.430751142401526,3,62.56924885759847,62.60431118818042,6.385841369562384,6.384720111305895,2.5543365478249536,2.553888044522358,shell
UGC05750,Sdm,5000000000.0,11.425,2,97.4750180574456,97.4750180574456,41.711839376652556,41.711839376652556,2.5249819425544087,2.5249819425544087,2,97.4750180574456,97.4750180574456,2.9442780063622154,2.9442780063622154,0.9567575185674227,0.9567575185674227,shell
UGC05764,Im,5000000000.0,1.81,6,74.80450957409408,75.09152792731362,57.45396290651291,57.68563042683744,24.90847207268638,25.195490425905916,6,74.80450957409408,75.09152792731362,5.59447257459959,5.5886636067804565,1.7920303985566148,1.8126614022954808,shell
UGC05829,Im,5000000000.0,3.2,6,94.49809266296697,94.47282284205885,41.09085563697327,41.49509358685455,5.527177157941158,5.501907337033041,6,94.49809266296697,94.47282284205885,2.921582339811419,2.887858705771782,0.8989319901200029,0.9113684110831451,shell
UGC05918,Im,2500000000.0,2.23,5,80.51282015453901,80.86310056901081,48.85768470773363,49.079221493629376,19.136899430989182,19.487179845460993,5,80.51282015453901,80.86310056901081,3.8566473628161377,3.826112516819781,1.5426589451264552,1.5304450067279123,shell
UGC05986,Sm,1500000000.0,7.5280000000000005,4,82.68511816834786,83.29469480970968,47.3198094785424,47.70533959757021,16.705305190290318,17.31488183165215,4,82.68511816834786,83.29469480970968,3.656666825727672,3.607052652119325,1.4626667302910688,1.44282106084773,shell
UGC05999,Im,5000000000.0,6.4879999999999995,4,95.91383204350572,95.88337269792063,44.54115681272745,43.70063737385279,4.11662730207936,4.086167956494286,4,95.91383204350572,95.88337269792063,3.1569798013303396,3.2704084492110908,1.0388602881382236,1.0187113253620386,shell
UGC06399,Sm,1000000000.0,6.28,2,89.15168958399266,89.15168958399266,43.615520732454804,43.615520732454804,10.848310416007331,10.848310416007331,2,89.15168958399266,89.15168958399266,3.1513863807746287,3.1513863807746287,1.2605545523098516,1.2605545523098516,shell
UGC06446,Sd,1500000000.0,8.176,4,76.48721031585215,76.51426875328642,51.60812744747258,51.62524070591607,23.485731246713584,23.512789684147844,4,76.48721031585215,76.51426875328642,4.278359808652043,4.27761512922149,1.7113439234608174,1.7110460516885966,shell
UGC06614,Sa,0.0,51.672000000000004,0,,,,,,,0,,,3.4123214354971134,3.4123214354971134,,,shell
UGC06628,Sm,5000000000.0,6.152000000000001,2,-24.789087135880894,-24.789087135880894,30.578823993435897,30.578823993435897,124.78908713588089,124.78908713588089,2,-24.789087135880894,-24.789087135880894,0.5871393943100699,0.5871393943100699,0.1983495163365478,0.1983495163365478,shell
UGC06667,Scd,500000000.0,3.2,6,45.9486350829641,45.41369114930381,62.9198764492857,62.483096556464034,54.58630885069619,54.0513649170359,6,45.9486350829641,45.41369114930381,7.105892834887106,7.392588661478867,4.737261889924737,4.928392440985911,shell
UGC06786,S0,1500000000.0,27.24,4,78.9061308510872,79.37298298246014,49.800117818728275,50.095381031856796,20.62701701753986,21.093869148912795,4,78.9061308510872,79.37298298246014,4.023213454719858,3.9828893900660995,1.6092853818879436,1.5931557560264396,shell
UGC06787,Sab,1500000000.0,29.752,4,76.53177461304068,76.18006765725791,51.819494779467526,51.597055769627985,23.819932342742092,23.468225386959315,4,76.53177461304068,76.18006765725791,4.271836900680583,4.339443823890573,1.7087347602722334,1.735777529556229,shell
UGC06818,Sm,1500000000.0,5.5840000000000005,2,91.66354532922611,91.66354532922611,42.02688367071133,42.02688367071133,8.336454670773882,8.336454670773882,2,91.66354532922611,91.66354532922611,3.007438060026562,3.007438060026562,1.2029752240106246,1.2029752240106246,shell
UGC06917,Sm,1000000000.0,8.376000000000001,3,99.12092956427493,98.50573288936256,36.18003793625485,36.41467416747166,1.494267110637436,0.8790704357250754,3,99.12092956427493,98.50573288936256,2.4733535351641476,2.457114408064227,0.989341414065659,0.9828457632256908,shell
UGC06923,Im,1000000000.0,4.128,2,80.60566089171557,80.60566089171557,24.48838973746086,24.48838973746086,19.394339108284438,19.394339108284438,2,80.60566089171557,80.60566089171557,1.754895875762864,1.754895875762864,0.7019583503051456,0.7019583503051456,shell
UGC06930,Sd,2500000000.0,13.288,3,95.6810204886833,95.83801795619581,36.29922060982516,37.288447883492346,4.161982043804183,4.318979511316706,3,95.6810204886833,95.83801795619581,2.542757245708197,2.481345226211031,1.0171028982832788,0.9925380904844122,shell
UGC06973,Sab,1500000000.0,6.28,4,31.1882127117401,30.413870495856255,7.578937700845676,6.76594874295213,69.58612950414376,68.81178728825991,1,16.37072718062115,16.37072718062115,0.878727034189086,0.8779791921111725,0.35149081367563445,0.35119167684446895,shell
UGC06983,Scd,500000000.0,12.544,4,66.72357133634449,66.44111052729333,45.75106042142386,45.5204321365875,33.55888947270668,33.276428663655516,4,66.72357133634449,66.44111052729333,3.371195902400519,3.406670379642719,2.247463934933679,2.2711135864284793,shell
UGC07089,Sdm,1500000000.0,7.328,3,91.54474266031701,90.30480516176816,30.622667187048346,31.40687251738158,9.69519483823185,8.455257339682985,3,91.54474266031701,90.30480516176816,2.125390770537451,2.0870508060804913,0.8501563082149804,0.8348203224321967,shell
UGC07125,Sm,1500000000.0,7.472,8,84.19459639263928,84.9583084767458,27.241245781606253,26.758231849132113,15.04169152325419,15.80540360736072,8,84.19459639263928,84.9583084767458,1.8641645749176021,1.8985587037721454,0.7456658299670409,0.7594234815088581,shell
UGC07151,Scd,1500000000.0,4.4,3,83.75956689794776,83.90148612472558,26.57285263869422,26.48309503861665,16.09851387527442,16.240433102052226,3,83.75956689794776,83.90148612472558,1.85022936684051,1.8548918743792189,0.740091746736204,0.7419567497516875,shell
UGC07232,Im,2500000000.0,0.656,1,98.64545543561131,98.64545543561131,37.61113599976619,37.61113599976619,1.3545445643886984,1.3545445643886984,1,98.64545543561131,98.64545543561131,2.569128602270626,2.569128602270626,1.0276514409082504,1.0276514409082504,shell
UGC07261,Sdm,5000000000.0,5.336,2,95.19650973198529,95.19650973198529,39.10970035478288,39.10970035478288,4.8034902680147145,4.8034902680147145,2,95.19650973198529,95.19650973198529,2.6974938667417283,2.6974938667417283,0.9104401369861681,0.9104401369861681,shell
UGC07323,Sdm,1500000000.0,4.656000000000001,2,73.38021456179086,73.38021456179086,19.918616234687555,19.918616234687555,26.619785438209142,26.619785438209142,2,73.38021456179086,73.38021456179086,1.5608682845223405,1.5608682845223405,0.6243473138089363,0.6243473138089363,shell
UGC07399,Sdm,1500000000.0,4.904,3,62.28483559142441,61.941187496932436,60.82495330682993,60.60761116839566,38.058812503067564,37.71516440857559,3,62.28483559142441,61.941187496932436,6.444294272632707,6.527310452746247,2.5777177090530827,2.6109241810984987,shell
UGC07524,Sm,1500000000.0,6.4,13,96.72065095832856,94.48561303413469,39.92296788621843,38.670788640868864,5.514386965865322,3.279349041671428,13,96.72065095832856,94.48561303413469,2.658674926683884,2.789726353804122,1.0634699706735535,1.1158905415216491,shell
UGC07559,Im,1500000000.0,2.024,2,90.40734077589983,90.40734077589983,30.687516403436398,30.687516403436398,9.59265922410018,9.59265922410018,2,90.40734077589983,90.40734077589983,2.0828955795132074,2.0828955795132074,0.8331582318052829,0.8331582318052829,shell
UGC07577,Im,1500000000.0,1.352,2,56.13892016396086,56.13892016396086,9.014264213358752,9.014264213358752,43.86107983603914,43.86107983603914,1,67.03323004835072,67.03323004835072,1.2289445343713026,1.2289445343713026,0.491577813748521,0.491577813748521,shell
UGC07603,Sd,1500000000.0,3.2880000000000003,3,69.69689713606743,69.77651561866297,55.86945669094242,55.91981184071209,30.22348438133703,30.303102863932565,3,69.69689713606743,69.77651561866297,5.146513551513178,5.1543460793386915,2.058605420605271,2.0617384317354768,shell
UGC07608,Im,5000000000.0,3.2,3,70.89696870715618,71.16601082227398,59.15439862868658,59.32672625139655,28.83398917772604,29.103031292843827,3,70.89696870715618,71.16601082227398,6.044797276566266,6.001826291640395,1.9895033121405536,1.9809059882202187,shell
UGC07690,Im,2500000000.0,3.3040000000000003,2,88.89145809303004,88.89145809303004,29.728788014741347,29.728788014741347,11.108541906969963,11.108541906969963,2,88.89145809303004,88.89145809303004,2.0283684421650214,2.0283684421650214,0.8113473768660087,0.8113473768660087,shell
UGC07866,Im,2500000000.0,1.8559999999999999,2,93.13264599902678,93.13264599902678,32.411150768283306,32.411150768283306,6.8673540009732195,6.8673540009732195,2,93.13264599902678,93.13264599902678,2.1941415270887523,2.1941415270887523,0.8776566108355011,0.8776566108355011,shell
UGC08286,Scd,1500000000.0,6.4319999999999995,4,72.44491019059134,72.70295148227042,54.01861613986215,54.18181578227769,27.297048517729586,27.555089809408656,4,72.44491019059134,72.70295148227042,4.763541203304361,4.733637735762986,1.9054164813217445,1.8934550943051947,shell
UGC08490,Sm,1500000000.0,8.120000000000001,6,64.44822868305204,64.44690528579795,59.24019822954674,59.239361239632316,35.553094714202054,35.55177131694796,6,64.44822868305204,64.44690528579795,6.021308065920568,6.0258425743020325,2.408523226368227,2.410337029720813,shell
UGC08550,Sd,1500000000.0,4.288,3,74.06945616613905,72.4823182007017,54.158156879341014,53.154362692999506,27.51768179929829,25.930543833860952,3,74.06945616613905,72.4823182007017,4.556818142389723,4.773932642702127,1.8227272569558892,1.909573057080851,shell
UGC08699,Sab,4500000000.0,20.560000000000002,3,93.04010885339851,92.51470311488573,41.48856422053738,41.15626845465274,7.485296885114262,6.9598911466014926,3,93.04010885339851,92.51470311488573,2.888015960499363,2.940963523209632,1.155206384199745,1.1763854092838528,shell
UGC08837,Im,2500000000.0,3.2,2,86.1299639475375,86.1299639475375,27.98226576574598,27.98226576574598,13.870036052462506,13.870036052462506,2,86.1299639475375,86.1299639475375,1.928067001341494,1.928067001341494,0.7712268005365976,0.7712268005365976,shell
UGC09037,Scd,2500000000.0,22.368000000000002,5,69.51170495971748,68.55303628353434,16.865640628491434,17.47195593613085,31.44696371646566,30.488295040282527,5,69.51170495971748,68.55303628353434,1.4682394716655782,1.450120720959914,0.5872957886662313,0.5800482883839657,shell
UGC09133,Sab,0.0,86.64800000000001,0,,,,,,,0,,,3.141452442297396,3.236719875313883,,,shell
UGC09992,Im,5000000000.0,3.112,2,56.266536710490506,56.266536710490506,16.17804552351626,16.17804552351626,43.73346328950949,43.73346328950949,2,56.266536710490506,56.266536710490506,1.4249357541223249,1.4249357541223249,0.48413889804198423,0.48413889804198423,shell
UGC10310,Sm,3000000000.0,6.192,2,95.81534280666898,95.81534280666898,34.1078372050457,34.1078372050457,4.184657193331022,4.184657193331022,2,95.81534280666898,95.81534280666898,2.3075310739566466,2.3075310739566466,0.9230124295826586,0.9230124295826586,shell
UGC11455,Scd,0.0,33.544000000000004,0,,,,,,,0,,,1.523602996448417,1.493763257377493,,,shell
UGC11557,Sdm,5000000000.0,8.448,2,13.706006158010165,13.706006158010165,8.461337650602404,8.461337650602404,86.29399384198983,86.29399384198983,1,3.6893285264090303,3.6893285264090303,0.8603669458108361,0.8603669458108361,0.29065029530031417,0.29065029530031417,shell
UGC11820,Sm,5000000000.0,6.4,4,92.03107169221656,91.67555898798236,48.942495311783325,48.22384128395049,8.324441012017633,7.968928307783436,4,92.03107169221656,91.67555898798236,3.752706345540006,3.8846553375001314,1.1821923431288104,1.1964422597352264,shell
UGC11914,Sab,0.0,7.864000000000001,0,,,,,,,0,,,1.2890600645578878,1.2890600645578878,,,shell
UGC12506,Scd,0.0,39.992000000000004,0,,,,,,,0,,,2.5649448413546727,2.5553447436687016,,,shell
UGC12632,Sm,1500000000.0,4.264,9,86.47036497167326,85.48505495222742,45.934504089261,45.31133931669425,14.514945047772585,13.529635028326732,9,86.47036497167326,85.48505495222742,3.343531542167607,3.4347560590127433,1.3374126168670428,1.3739024236050972,shell
UGC12732,Sm,3000000000.0,6.4,10,77.39265167463117,77.61601536608461,50.911321707309,51.052589309624196,22.38398463391539,22.60734832536883,10,77.39265167463117,77.61601536608461,4.175432228879734,4.158693579527565,1.6701728915518932,1.663477431811026,shell
UGCA281,BCD,1500000000.0,0.8640000000000001,2,93.60723309367141,93.60723309367141,32.711306001723095,32.711306001723095,6.3927669063285935,6.3927669063285935,2,93.60723309367141,93.60723309367141,2.2114809116811838,2.2114809116811838,0.8845923646724734,0.8845923646724734,shell
UGCA442,Sm,3500000000.0,3.165,4,65.03785166263899,65.18356502019944,58.77429370529806,58.86645092437837,34.81643497980055,34.962148337361,4,65.03785166263899,65.18356502019944,5.982201941230863,6.126493295111651,2.392880776492345,2.45059731804466,shell
UGCA444,Im,2000000000.0,2.096,8,70.6027360754851,70.77060686990907,55.24073817974555,55.346908992345874,29.22939313009093,29.397263924514895,8,70.6027360754851,70.77060686990907,5.02567067524575,5.087773822041482,2.0102682700983,2.0351095288165926,shell
